label	nonspec	spec	total	percent	fisherscore	
H5N4F2S	Y[pN]	61	42	103	59.22	-146.73	
H5N4F2S	Y[pH2N2]	44	25	69	63.77	-123.67	
H5N4F2	Y[pN]	25	5	30	83.33	-114.23	
H5N4F2S	Y[pH4N3]	45	37	82	54.88	-94.73	
H5N4F2S	Y[pH3N2]	35	22	57	61.4	-93.09	
H5N4F2S	Y[pH3N3]	44	38	82	53.66	-88.61	
H6N4FS	Y[pN]	14	2	16	87.5	-71.05	
H8N7S	Y[pH3N3]	15	3	18	83.33	-70.2	
H5N4F2S	Y[pN2]	22	11	33	66.67	-69.97	
H8N7S	Y[pN]	18	7	25	72.0	-66.0	
H5N4F2S	Y[pH5N4]	27	20	47	57.45	-64.81	
H4N5FS	Y[pN]	10	0	10	100.0	-64.1	
H5N3F	Y[pN]	10	0	10	100.0	-64.1	
H5N4F3S	Y[pN]	17	7	24	70.83	-60.98	
H5N4F2	Y[pH5N4]	14	4	18	77.78	-59.06	
H6N3	Y[pN]	13	3	16	81.25	-58.97	
H5N4F2S	Y[pH4N3S]	30	28	58	51.72	-58.02	
H3N5F	Y[pN]	10	1	11	90.91	-54.7	
H5N4F2	Y[pH3N2]	13	4	17	76.47	-53.71	
H4N5F	Y[pN]	12	3	15	80.0	-53.43	
H4N5	Y[pN]	8	0	8	100.0	-51.28	
H6N3S	Y[pN]	14	6	20	70.0	-50.1	
H5N4F2	Y[pH3N3]	13	5	18	72.22	-49.18	
H5N4F2S	Y[pHN2]	20	15	35	57.14	-49.03	
H5N4F2	Y[pH4N3]	12	4	16	75.0	-48.43	
H8N7S	Y[pH5N4S]	11	3	14	78.57	-47.96	
H5N4F3	Y[pN]	7	0	7	100.0	-44.86	
H5N3	Y[pN]	11	4	15	73.33	-43.23	
H4N5FS	Y[pNF]	8	1	9	88.89	-42.72	
H8N7S	Y[pH2N2]	9	2	11	81.82	-42.28	
H4N5F	Y[pN2]	9	2	11	81.82	-42.28	
H5N4F2	Y[pH2N2]	13	7	20	65.0	-41.66	
H4N5F	Y[pH3N3F]	12	7	19	63.16	-37.06	
H4N5FS	Y[pH3N3F]	8	2	10	80.0	-36.71	
H5N4F3S	Y[pH2N2]	11	6	17	64.71	-35.68	
H8N7S	Y[pH5N4]	9	4	13	69.23	-33.13	
H5N4F2	Y[pN2]	8	3	11	72.73	-32.05	
H4N5F	Y[pNF]	8	3	11	72.73	-32.05	
H5N5S	Y[pN]	8	3	11	72.73	-32.05	
H4N3F	Y[pN]	8	3	11	72.73	-32.05	
H6N4S	Y[pH4N3]	8	3	11	72.73	-32.05	
H4N5FS	Y[pH4N3F]	5	0	5	100.0	-32.04	
H5N3F	Y[pH3N2]	5	0	5	100.0	-32.04	
H4N4S	Y[p]	5	0	5	100.0	-32.04	
H4N5S	Y[pN]	7	2	9	77.78	-31.23	
H8N7S	Y[pH4N3]	7	2	9	77.78	-31.23	
H6N4S	Y[pN]	7	2	9	77.78	-31.23	
H4N5F2	Y[pN]	6	1	7	85.71	-30.95	
H6N4S	Y[pH2N2]	6	1	7	85.71	-30.95	
H5N5F	Y[pN]	10	7	17	58.82	-28.23	
H5N4F2S	Y[pH3N3S]	20	26	46	43.48	-28.15	
H5N4F2S	Y[pH5N4S]	17	20	37	45.95	-27.86	
H6N3	Y[pN2]	7	3	10	70.0	-26.96	
H6N4FS	Y[pH2N2]	7	3	10	70.0	-26.96	
H6N4S	Y[pH3N2]	7	3	10	70.0	-26.96	
H5N4FS	Y[pN2]	12	11	23	52.17	-26.82	
H6N4S	Y[pH3N3]	6	2	8	75.0	-25.87	
H4N5F	Y[pH3N3]	6	2	8	75.0	-25.87	
H3N5F	Y[pNF]	6	2	8	75.0	-25.87	
H3N4	Y[pN]	6	2	8	75.0	-25.87	
H5N3F	Y[pH3N2F]	4	0	4	100.0	-25.63	
H4N5	Y[p]	4	0	4	100.0	-25.63	
H5N3F	Y[pN2]	4	0	4	100.0	-25.63	
H6N5F2S	Y[pN]	4	0	4	100.0	-25.63	
H8N7S	Y[pHN2]	5	1	6	83.33	-25.18	
H4N5FS	Y[pN2]	5	1	6	83.33	-25.18	
H5N4F3	Y[pH4N3]	5	1	6	83.33	-25.18	
H5N3	Y[pN2]	5	1	6	83.33	-25.18	
H4N5F	Y[pH4N3F]	5	1	6	83.33	-25.18	
H5N4FS2	Y[pN]	43	84	127	33.86	-25.17	
H5N4F3S	Y[pH3N2]	8	5	13	61.54	-25.07	
H8N7S	Y[pH3N3S]	7	4	11	63.64	-23.53	
H4N4	Y[pN]	7	4	11	63.64	-23.53	
H5N3	Y[p]	6	3	9	66.67	-22.03	
H7N6	Y[pN]	6	3	9	66.67	-22.03	
H4N5S	Y[pN2]	6	3	9	66.67	-22.03	
H4N4F	Y[pN]	10	10	20	50.0	-21.42	
H5N4F3S	Y[pNF]	7	5	12	58.33	-20.67	
H4N3F	Y[pH2N2]	5	2	7	71.43	-20.65	
H8N7S	Y[pH4N4]	5	2	7	71.43	-20.65	
H5N3	Y[pH2N2]	5	2	7	71.43	-20.65	
H3N6F	Y[pH3N4F]	5	2	7	71.43	-20.65	
H4N4S	Y[pN]	8	7	15	53.33	-20.01	
H4N4F2	Y[pN]	4	1	5	80.0	-19.52	
H5N4F3	Y[pH2N2]	4	1	5	80.0	-19.52	
H6N4FS	Y[pH3N3]	4	1	5	80.0	-19.52	
H3N4F	Y[pH3N2]	4	1	5	80.0	-19.52	
H3N6F	Y[pN]	4	1	5	80.0	-19.52	
H5N4F3	Y[pH3N3F]	4	1	5	80.0	-19.52	
H4N3F	Y[pN2]	4	1	5	80.0	-19.52	
H5N4F3	Y[pN2]	3	0	3	100.0	-19.22	
H4N4F2	Y[pH3N3F]	3	0	3	100.0	-19.22	
H6N5F2S	Y[pH3N3]	3	0	3	100.0	-19.22	
H3N6F	Y[pH3N3F]	3	0	3	100.0	-19.22	
H5N4F2S	Y[pH4N3F]	3	0	3	100.0	-19.22	
H4N6	Y[pN]	3	0	3	100.0	-19.22	
H3N3F	Y[pN]	3	0	3	100.0	-19.22	
H5N4F3S	Y[pH3N3]	6	4	10	60.0	-18.98	
H3N5	Y[pN]	6	4	10	60.0	-18.98	
H5N4F3S	Y[pH4N3]	6	4	10	60.0	-18.98	
H5N4F2	Y[pHN2]	7	6	13	53.85	-18.26	
H5N4F4	Y[pH2N2]	7	6	13	53.85	-18.26	
H5N3	Y[pH3N2]	5	3	8	62.5	-17.29	
H6N4S	Y[pH5N4]	5	3	8	62.5	-17.29	
H6N5FS3	Y[pN]	37	81	118	31.36	-16.8	
H3N5F	Y[pH3N3F]	6	5	11	54.55	-16.48	
H4N4F	Y[pH3N3F]	9	11	20	45.0	-16.25	
H3N4F	Y[pN]	8	9	17	47.06	-16.15	
H5N4F4	Y[pN]	8	9	17	47.06	-16.15	
H5N4F3S	Y[pHN2]	4	2	6	66.67	-15.62	
H4N3F	Y[pNF]	4	2	6	66.67	-15.62	
H4N4	Y[pH3N3]	4	2	6	66.67	-15.62	
H4N3F	Y[pH3N2]	4	2	6	66.67	-15.62	
H8N7F	Y[pN]	4	2	6	66.67	-15.62	
H5N5	Y[pH3N4]	4	2	6	66.67	-15.62	
H7N6	Y[pH3N3]	4	2	6	66.67	-15.62	
H4N3F	Y[pH3N2F]	4	2	6	66.67	-15.62	
H4N5FS	Y[pH4N4F]	4	2	6	66.67	-15.62	
H3N4F	Y[pH3N3]	5	4	9	55.56	-14.67	
H6N3S	Y[pH2N2]	8	10	18	44.44	-14.55	
H5N3S	Y[pN]	8	10	18	44.44	-14.55	
H5N4FS2	Y[pH3N2]	23	47	70	32.86	-14.45	
H5N3S	Y[pH2N2]	7	8	15	46.67	-14.4	
H4N5F	Y[pH2N3]	6	6	12	50.0	-14.39	
H3N5F	Y[pH2N3F]	6	6	12	50.0	-14.39	
H4N5FS	Y[pH3N3]	3	1	4	75.0	-14.02	
H6N4S	Y[pN2]	3	1	4	75.0	-14.02	
H5N4F3	Y[pH3N3]	3	1	4	75.0	-14.02	
H3N4	Y[pH3N2]	3	1	4	75.0	-14.02	
H5N3F	Y[pNF]	3	1	4	75.0	-14.02	
H5N3F	Y[pHN2]	3	1	4	75.0	-14.02	
H6N4FS	Y[pH3N2]	3	1	4	75.0	-14.02	
H5N4F3	Y[pH3N2]	3	1	4	75.0	-14.02	
H6N4FS	Y[pHN2]	3	1	4	75.0	-14.02	
H6N6F	Y[pN]	3	1	4	75.0	-14.02	
H5N3F	Y[pH4N2]	3	1	4	75.0	-14.02	
H8N7F	Y[pH2N2]	3	1	4	75.0	-14.02	
H6N4FS	Y[pH4N3]	3	1	4	75.0	-14.02	
H5N4FS	Y[pN]	26	57	83	31.33	-13.23	
H3N4F	Y[pH2N2]	8	11	19	42.11	-13.12	
H6N5FS3	Y[pH5N4S]	20	41	61	32.79	-13.08	
H3N4	Y[pHN2]	2	0	2	100.0	-12.81	
H9N9F	Y[pH2N2]	2	0	2	100.0	-12.81	
H5N4F3	Y[pHN2]	2	0	2	100.0	-12.81	
H4N5FS	Y[pH2N2F]	2	0	2	100.0	-12.81	
H4N6	Y[pN2]	2	0	2	100.0	-12.81	
H9N9F	Y[pH3N2]	2	0	2	100.0	-12.81	
H5N3F	Y[pH2N2F]	2	0	2	100.0	-12.81	
H4N5	Y[pHN2]	2	0	2	100.0	-12.81	
H5N4F3S2	Y[pN]	2	0	2	100.0	-12.81	
H4N5F	Y[pH2N2]	2	0	2	100.0	-12.81	
H3N3F	Y[pH3N2]	2	0	2	100.0	-12.81	
H5N4F3S2	Y[pH5N4]	2	0	2	100.0	-12.81	
H3N6F	Y[pH3N4]	2	0	2	100.0	-12.81	
H6N7	Y[pN]	2	0	2	100.0	-12.81	
H3N5F	Y[pH3N3]	2	0	2	100.0	-12.81	
H4N5F2	Y[pH2N2]	2	0	2	100.0	-12.81	
H6N4	Y[pN]	2	0	2	100.0	-12.81	
H5N4F3	Y[pNF]	2	0	2	100.0	-12.81	
H4N4F2	Y[pH4N3F]	2	0	2	100.0	-12.81	
H9N9F	Y[pN]	2	0	2	100.0	-12.81	
H9N9F	Y[pH4N4]	2	0	2	100.0	-12.81	
H4N5	Y[pH2N2]	2	0	2	100.0	-12.81	
H6N4	Y[pH3N2]	2	0	2	100.0	-12.81	
H4N5FS	Y[pH2N2]	2	0	2	100.0	-12.81	
H3N5F	Y[pH2N2]	2	0	2	100.0	-12.81	
H6N4	Y[pH2N2]	2	0	2	100.0	-12.81	
H4N5FS	Y[pH3N2F]	2	0	2	100.0	-12.81	
H6N4	Y[pHN2]	2	0	2	100.0	-12.81	
H5N4F3S	Y[pH4N4]	2	0	2	100.0	-12.81	
H5N4F3S2	Y[pH4N4]	2	0	2	100.0	-12.81	
H5N4F3	Y[pH5N4]	2	0	2	100.0	-12.81	
H5N5F2	Y[pN]	2	0	2	100.0	-12.81	
H9N9F	Y[pH5N4]	2	0	2	100.0	-12.81	
H5N4F2	Y[pH4N3F]	2	0	2	100.0	-12.81	
H4N4F2	Y[pH2N3F2]	2	0	2	100.0	-12.81	
H6N4	Y[pH3N3]	2	0	2	100.0	-12.81	
H6N7	Y[pH4N4]	2	0	2	100.0	-12.81	
H6N5F2S	Y[pH4N3]	2	0	2	100.0	-12.81	
H5N6F	Y[pNF]	2	0	2	100.0	-12.81	
H3N3F	Y[pH2N2]	2	0	2	100.0	-12.81	
H5N4F2S	Y[pH4N4F]	2	0	2	100.0	-12.81	
H4N5F	Y[pH2N2F]	2	0	2	100.0	-12.81	
H5N4F3S	Y[pH5N4S]	2	0	2	100.0	-12.81	
H3N4F2	Y[pH2N3F]	2	0	2	100.0	-12.81	
H5N4F3S2	Y[pH3N3]	2	0	2	100.0	-12.81	
H5N3F	Y[pH2N2]	2	0	2	100.0	-12.81	
H6N5FS2	Y[pH6N5]	4	3	7	57.14	-12.79	
H8N7S	Y[pN2]	4	3	7	57.14	-12.79	
H5N3	Y[pHN2]	4	3	7	57.14	-12.79	
H5N5S2	Y[pN]	4	3	7	57.14	-12.79	
H5N5	Y[pH2N3]	5	5	10	50.0	-12.54	
H6N3	Y[pH2N2]	5	5	10	50.0	-12.54	
H4N4F	Y[pH3N2]	5	5	10	50.0	-12.54	
H6N5S	Y[pN]	10	17	27	37.04	-11.62	
H6N2	Y[pN]	7	10	17	41.18	-11.45	
H6N3S	Y[pH3N2]	7	10	17	41.18	-11.45	
H4N4F	Y[pH2N3F]	7	10	17	41.18	-11.45	
H4N5F	Y[pH3N4F]	6	8	14	42.86	-11.09	
H5N4FS2	Y[p]	6	8	14	42.86	-11.09	
H5N4F4	Y[pH3N3]	6	8	14	42.86	-11.09	
H5N4F3	Y[pH5N4F]	3	2	5	60.0	-10.84	
H4N5F	Y[pH3N4]	3	2	5	60.0	-10.84	
H3N4	Y[pH2N2]	3	2	5	60.0	-10.84	
H4N3F	Y[pH4N2]	3	2	5	60.0	-10.84	
H5N4F4	Y[pHN2]	3	2	5	60.0	-10.84	
H3N4	Y[pN2]	3	2	5	60.0	-10.84	
H3N5F	Y[pN2F]	3	2	5	60.0	-10.84	
H5N4F4	Y[pH3N2]	5	6	11	45.45	-10.79	
H4N4F	Y[pHN2]	5	6	11	45.45	-10.79	
H4N4F	Y[pNF]	8	13	21	38.1	-10.69	
H6N5FS2	Y[pH2N2]	8	13	21	38.1	-10.69	
H5N3	Y[pH4N2]	4	4	8	50.0	-10.63	
H4N5	Y[pN2]	4	4	8	50.0	-10.63	
H4N4	Y[pH3N2]	4	4	8	50.0	-10.63	
H5N4F4	Y[pH5N4]	4	4	8	50.0	-10.63	
H5N4F3S	Y[pH2N2F]	4	4	8	50.0	-10.63	
H5N5FS	Y[pN]	7	11	18	38.89	-10.23	
H5N2	Y[pN]	9	16	25	36.0	-10.16	
H5N4F	Y[pN2]	10	19	29	34.48	-9.77	
H5N4F3S	Y[pH4N3F]	5	7	12	41.67	-9.32	
H4N4	Y[pH2N2]	5	7	12	41.67	-9.32	
H5N4FS2	Y[pH2N2]	24	59	83	28.92	-9.21	
H5N4F4	Y[pN2]	4	5	9	44.44	-8.92	
H5N3S	Y[pH4N3]	4	5	9	44.44	-8.92	
H5N4F3S	Y[pN2]	4	5	9	44.44	-8.92	
H6N3S	Y[p]	4	5	9	44.44	-8.92	
H5N5	Y[pH3N3]	4	5	9	44.44	-8.92	
H5N4F	Y[p]	4	5	9	44.44	-8.92	
H6N3	Y[pHN2]	4	5	9	44.44	-8.92	
H5N4F3S	Y[pH3N2F]	4	5	9	44.44	-8.92	
H5N5F	Y[pH4N4]	2	1	3	66.67	-8.76	
H8N7F	Y[pH3N3]	2	1	3	66.67	-8.76	
H5N6F	Y[pH4N4F]	2	1	3	66.67	-8.76	
H7N6F	Y[pH3N3]	2	1	3	66.67	-8.76	
H5N5	Y[pH4N3]	2	1	3	66.67	-8.76	
H4N5F	Y[p]	2	1	3	66.67	-8.76	
H6N5FS2	Y[pH5N5]	2	1	3	66.67	-8.76	
H6N4S	Y[pHN2]	2	1	3	66.67	-8.76	
H4N5S	Y[pH3N2]	2	1	3	66.67	-8.76	
H6N4	Y[pH4N3]	2	1	3	66.67	-8.76	
H7N4S	Y[pN]	2	1	3	66.67	-8.76	
H8N7S	Y[pH4N3S]	2	1	3	66.67	-8.76	
H4N4	Y[pH4N2]	2	1	3	66.67	-8.76	
H5N6F	Y[pN]	2	1	3	66.67	-8.76	
H7N6FS4	Y[pH6N5S]	2	1	3	66.67	-8.76	
H8N7S	Y[pH6N5S]	2	1	3	66.67	-8.76	
H7N6S	Y[pH4N4]	2	1	3	66.67	-8.76	
H6N3S	Y[pH4N3]	2	1	3	66.67	-8.76	
H4N5S	Y[p]	2	1	3	66.67	-8.76	
H6N4FS	Y[p]	2	1	3	66.67	-8.76	
H4N5S2	Y[pN]	2	1	3	66.67	-8.76	
H5N5S	Y[pH5N5]	2	1	3	66.67	-8.76	
H5N4F3	Y[pH3N2F]	2	1	3	66.67	-8.76	
H5N4F2	Y[pH4N4]	2	1	3	66.67	-8.76	
H7N6	Y[pHN2]	2	1	3	66.67	-8.76	
H8N7F	Y[pH4N3]	2	1	3	66.67	-8.76	
H5N3F	Y[p]	2	1	3	66.67	-8.76	
H4N3F	Y[pHN2F]	2	1	3	66.67	-8.76	
H4N5F	Y[pH4N4]	2	1	3	66.67	-8.76	
H3N7F	Y[pH3N5F]	2	1	3	66.67	-8.76	
H4N5	Y[pH2N3]	3	3	6	50.0	-8.63	
H4N3F	Y[pH2N2F]	3	3	6	50.0	-8.63	
H4N4F	Y[pN2]	3	3	6	50.0	-8.63	
H5N4F3S	Y[pH3N3FS]	3	3	6	50.0	-8.63	
H4N5S	Y[pH3N3]	3	3	6	50.0	-8.63	
H7N6FS4	Y[pH5N4]	3	3	6	50.0	-8.63	
H4N5F	Y[pN2F]	3	3	6	50.0	-8.63	
H5N3S	Y[p]	3	3	6	50.0	-8.63	
H5N4F	Y[pH4N4F]	3	3	6	50.0	-8.63	
H5N4F4	Y[pH4N3]	6	10	16	37.5	-8.62	
H6N5FS3	Y[pH4N3]	18	43	61	29.51	-8.54	
H6N5FS2	Y[pH5N4]	9	18	27	33.33	-8.42	
H4N4F	Y[pH2N2]	7	13	20	35.0	-8.17	
H4N4F	Y[pH3N3]	7	13	20	35.0	-8.17	
H5N4F3S	Y[pH3N3F]	5	8	13	38.46	-8.08	
H6N5FS3	Y[pHN2]	13	30	43	30.23	-7.81	
H6N5S2	Y[pN]	14	33	47	29.79	-7.73	
H4N4F	Y[pN2F]	4	6	10	40.0	-7.53	
H6N5FS3	Y[pH3N2]	4	6	10	40.0	-7.53	
H6N5FS2	Y[pHN2]	4	6	10	40.0	-7.53	
H4N3	Y[pN]	4	6	10	40.0	-7.53	
H5N5F	Y[pN2]	4	6	10	40.0	-7.53	
H7N2	Y[pN]	4	6	10	40.0	-7.53	
H6N5FS2	Y[pN]	11	25	36	30.56	-7.4	
H5N4F	Y[pN]	16	40	56	28.57	-7.14	
H6N5FS3	Y[pH3N3]	24	64	88	27.27	-7.13	
H6N5S2	Y[pH2N2]	8	17	25	32.0	-7.11	
H6N5FS3	Y[pH2N2]	20	52	72	27.78	-7.1	
H5N4FS2	Y[pH5N4S]	5	9	14	35.71	-7.01	
H5N4FS	Y[pH5N4]	5	9	14	35.71	-7.01	
H3N4F	Y[pHN2F]	5	9	14	35.71	-7.01	
H5N4F	Y[pN2F]	3	4	7	42.86	-6.97	
H3N5	Y[pH3N3]	3	4	7	42.86	-6.97	
H5N5	Y[pH4N4]	3	4	7	42.86	-6.97	
H6N4S	Y[pH4N2]	3	4	7	42.86	-6.97	
H5N4F	Y[pH2N3F]	3	4	7	42.86	-6.97	
H6N5FS2	Y[pH3N2]	3	4	7	42.86	-6.97	
H5N5F	Y[pH3N3]	3	4	7	42.86	-6.97	
H7N6S4	Y[pH5N4S]	3	4	7	42.86	-6.97	
H7N6S4	Y[pH5N4]	3	4	7	42.86	-6.97	
H7N6	Y[pH2N2]	3	4	7	42.86	-6.97	
H3N4F	Y[pH2N2F]	6	12	18	33.33	-6.72	
H7N6	Y[pH4N3]	2	2	4	50.0	-6.45	
H7N6FS4	Y[pH4N4]	2	2	4	50.0	-6.45	
H9N2	Y[pN]	2	2	4	50.0	-6.45	
H5N4F2S	Y[pH4N4S]	2	2	4	50.0	-6.45	
H7N6S	Y[pN]	2	2	4	50.0	-6.45	
H4N5S	Y[pH4N3]	2	2	4	50.0	-6.45	
H5N5	Y[pH5N4]	2	2	4	50.0	-6.45	
H3N5F	Y[pH3N4]	2	2	4	50.0	-6.45	
H7N6S4	Y[pH4N4]	2	2	4	50.0	-6.45	
H5N3S	Y[pH3N3]	2	2	4	50.0	-6.45	
H3N5F	Y[pN2]	2	2	4	50.0	-6.45	
H7N6S	Y[pH3N3]	2	2	4	50.0	-6.45	
H7N6S	Y[pH5N4]	2	2	4	50.0	-6.45	
H4N5S	Y[pH4N4]	2	2	4	50.0	-6.45	
H4N4	Y[p]	2	2	4	50.0	-6.45	
H3N3	Y[pN]	2	2	4	50.0	-6.45	
H4N5S	Y[pHN2]	2	2	4	50.0	-6.45	
H5N4FS	Y[p]	2	2	4	50.0	-6.45	
H4N5S	Y[pH2N2]	2	2	4	50.0	-6.45	
H5N5	Y[pH5N3]	1	0	1	100.0	-6.41	
H7N6S4	Y[pH7N6S2]	1	0	1	100.0	-6.41	
H5N4F4	Y[pH4N4F4]	1	0	1	100.0	-6.41	
H6N5F	Y[p]	1	0	1	100.0	-6.41	
H4N6	Y[pH3N3]	1	0	1	100.0	-6.41	
H4N5F2	Y[pH3N3]	1	0	1	100.0	-6.41	
H6N3S	Y[pH3N3]	1	0	1	100.0	-6.41	
H4N4F2	Y[pHN2F]	1	0	1	100.0	-6.41	
H4N5FS	Y[pH4N4S]	1	0	1	100.0	-6.41	
H8N7S	Y[pH3N4S]	1	0	1	100.0	-6.41	
H3N5F	Y[pHN2]	1	0	1	100.0	-6.41	
H3N4F2	Y[pH3N3F2]	1	0	1	100.0	-6.41	
H5N6F	Y[pN2]	1	0	1	100.0	-6.41	
H4N6	Y[pH2N2]	1	0	1	100.0	-6.41	
H6N4S	Y[pH2N3]	1	0	1	100.0	-6.41	
H4N5	Y[pH4N3]	1	0	1	100.0	-6.41	
H7N6FS4	Y[pH6N5]	1	0	1	100.0	-6.41	
H3N5F	Y[pH2N2F]	1	0	1	100.0	-6.41	
H5N5F2	Y[pH4N4F]	1	0	1	100.0	-6.41	
H7N4S	Y[pH4N3S]	1	0	1	100.0	-6.41	
H7N6FS4	Y[pH4N3]	1	0	1	100.0	-6.41	
H5N5FS2	Y[pH4N3]	1	0	1	100.0	-6.41	
H5N5	Y[pH3N2]	1	0	1	100.0	-6.41	
H4N5F	Y[pH4N3]	1	0	1	100.0	-6.41	
H8N7S	Y[pH3N2]	1	0	1	100.0	-6.41	
H3N4F2	Y[pH2N3F2]	1	0	1	100.0	-6.41	
H4N5S2	Y[pH2N2]	1	0	1	100.0	-6.41	
H5N5F2	Y[pH5N4]	1	0	1	100.0	-6.41	
H4N6S	Y[pH3N3]	1	0	1	100.0	-6.41	
H3N3F	Y[pHN2]	1	0	1	100.0	-6.41	
H6N5F2	Y[pH4N3]	1	0	1	100.0	-6.41	
H5N6F	Y[pH4N3F]	1	0	1	100.0	-6.41	
H3N6	Y[pH2N4]	1	0	1	100.0	-6.41	
H4N4F2	Y[pH4N3]	1	0	1	100.0	-6.41	
H6N3	Y[pH3N3]	1	0	1	100.0	-6.41	
H4N6	Y[pH2N3]	1	0	1	100.0	-6.41	
H11N2	Y[p]	1	0	1	100.0	-6.41	
H3N3F	Y[pHN2F]	1	0	1	100.0	-6.41	
H7N4S	Y[pH3N2]	1	0	1	100.0	-6.41	
H4N4F2	Y[pH2N3F]	1	0	1	100.0	-6.41	
H7N4S	Y[pH3N3]	1	0	1	100.0	-6.41	
H6N5FS2	Y[pH2N3]	1	0	1	100.0	-6.41	
H4N5FS	Y[pH4N5]	1	0	1	100.0	-6.41	
H9N9F	Y[pH3N3]	1	0	1	100.0	-6.41	
H6N4	Y[pH5N4]	1	0	1	100.0	-6.41	
H6N5F2S	Y[pH6N5]	1	0	1	100.0	-6.41	
H5N5F2	Y[pN2]	1	0	1	100.0	-6.41	
H7N6F4S	Y[pH5N4]	1	0	1	100.0	-6.41	
H4N3F	Y[pH4N3F]	1	0	1	100.0	-6.41	
H6N5F2S	Y[pH2N2]	1	0	1	100.0	-6.41	
H5N5S	Y[pH3N2]	1	0	1	100.0	-6.41	
H4N5FS	Y[pH4N4]	1	0	1	100.0	-6.41	
H3N5	Y[pHN2]	1	0	1	100.0	-6.41	
H3N4F2	Y[pHN2F2]	1	0	1	100.0	-6.41	
H4N4F2	Y[pH4N4F]	1	0	1	100.0	-6.41	
H4N4F2	Y[pN2]	1	0	1	100.0	-6.41	
H4N5F	Y[pH3N2F]	1	0	1	100.0	-6.41	
H4N4F2	Y[pH3N4F2]	1	0	1	100.0	-6.41	
H3N6F	Y[pH3N2F]	1	0	1	100.0	-6.41	
H5N5FS2	Y[pH4N4]	1	0	1	100.0	-6.41	
H6N5FS	Y[pH4N4S]	1	0	1	100.0	-6.41	
H4N6S	Y[pH4N4]	1	0	1	100.0	-6.41	
H4N5F2S	Y[pNF]	1	0	1	100.0	-6.41	
H3N3F	Y[pNF]	1	0	1	100.0	-6.41	
H8N7S	Y[pH5N5]	1	0	1	100.0	-6.41	
H5N5F2	Y[pH4N3]	1	0	1	100.0	-6.41	
H4N5F2S	Y[pN]	1	0	1	100.0	-6.41	
H4N6	Y[pH4N4]	1	0	1	100.0	-6.41	
H5N5F2	Y[pH5N5]	1	0	1	100.0	-6.41	
H7N4S	Y[pH4N3]	1	0	1	100.0	-6.41	
H6N4FS	Y[pH5N4S]	1	0	1	100.0	-6.41	
H3N6	Y[pH3N3]	1	0	1	100.0	-6.41	
H5N4F3S	Y[pH4N3S]	1	0	1	100.0	-6.41	
H3N4F2	Y[pN2F]	1	0	1	100.0	-6.41	
H6N6F	Y[pH5N5]	1	0	1	100.0	-6.41	
H5N5F2	Y[pH4N5]	1	0	1	100.0	-6.41	
H6N4FS	Y[pH4N3S]	1	0	1	100.0	-6.41	
H4N6	Y[pH3N4]	1	0	1	100.0	-6.41	
H3N5F	Y[pH3N5F]	1	0	1	100.0	-6.41	
H7N4S	Y[pN2]	1	0	1	100.0	-6.41	
H4N5FS	Y[p]	1	0	1	100.0	-6.41	
H5N4F3S	Y[pH3N3S]	1	0	1	100.0	-6.41	
H5N4S	Y[pH3N4]	1	0	1	100.0	-6.41	
H4N7	Y[pN]	1	0	1	100.0	-6.41	
H5N5F2	Y[pNF]	1	0	1	100.0	-6.41	
H5N4F3S	Y[p]	1	0	1	100.0	-6.41	
H4N6S	Y[pH3N4]	1	0	1	100.0	-6.41	
H7N6FS4	Y[pH5N5]	1	0	1	100.0	-6.41	
H8N7F	Y[pH4N3F]	1	0	1	100.0	-6.41	
H7N6FS2	Y[pH4N3]	1	0	1	100.0	-6.41	
H5N4F2	Y[pH2N3]	1	0	1	100.0	-6.41	
H4N5F2S	Y[pH3N4F2]	1	0	1	100.0	-6.41	
H7N6S4	Y[pH5N5]	1	0	1	100.0	-6.41	
H4N5F2	Y[pH4N4]	1	0	1	100.0	-6.41	
H5N3F	Y[pH5N2]	1	0	1	100.0	-6.41	
H3N5	Y[pH2N2]	1	0	1	100.0	-6.41	
H5N6F	Y[pH5N4]	1	0	1	100.0	-6.41	
H7N4S	Y[pH2N3]	1	0	1	100.0	-6.41	
H5N4F3S	Y[pH3N4]	1	0	1	100.0	-6.41	
H3N6F2	Y[pH3N4F]	1	0	1	100.0	-6.41	
H5N5S	Y[pH4N5]	1	0	1	100.0	-6.41	
H3N7F	Y[pN2]	1	0	1	100.0	-6.41	
H4N5	Y[pH3N2]	1	0	1	100.0	-6.41	
H6N5F2S	Y[pN2]	1	0	1	100.0	-6.41	
H11N2	Y[pH2N2]	1	0	1	100.0	-6.41	
H3N4F2	Y[pH2N2F2]	1	0	1	100.0	-6.41	
H5N5FS2	Y[p]	1	0	1	100.0	-6.41	
H3N6	Y[pN]	1	0	1	100.0	-6.41	
H6N5F2S	Y[pH4N4]	1	0	1	100.0	-6.41	
H7N4S	Y[pH2N2]	1	0	1	100.0	-6.41	
H4N5F2	Y[pH4N5]	1	0	1	100.0	-6.41	
H4N6S	Y[pH2N3]	1	0	1	100.0	-6.41	
H4N5S2	Y[pN2]	1	0	1	100.0	-6.41	
H4N5F2	Y[pN2]	1	0	1	100.0	-6.41	
H6N7	Y[pH2N2]	1	0	1	100.0	-6.41	
H6N6FS	Y[pH4N4]	1	0	1	100.0	-6.41	
H4N5FS	Y[pH3N2]	1	0	1	100.0	-6.41	
H4N6	Y[p]	1	0	1	100.0	-6.41	
H3N6F2	Y[pH3N2F]	1	0	1	100.0	-6.41	
H6N4	Y[pH2N3]	1	0	1	100.0	-6.41	
H6N7	Y[pH3N3]	1	0	1	100.0	-6.41	
H6N5F2S	Y[pH4N3S]	1	0	1	100.0	-6.41	
H5N5F2	Y[pH2N3]	1	0	1	100.0	-6.41	
H3N4	Y[p]	1	0	1	100.0	-6.41	
H5N6F	Y[pH3N3]	1	0	1	100.0	-6.41	
H6N5FS	Y[pH5N5]	1	0	1	100.0	-6.41	
H7N6	Y[pH3N2]	1	0	1	100.0	-6.41	
H6N4S	Y[pH4N4]	1	0	1	100.0	-6.41	
H6N5S	Y[pH5N5]	1	0	1	100.0	-6.41	
H6N4S	Y[pH5N4S]	1	0	1	100.0	-6.41	
H7N5FS2	Y[pH6N5S2]	1	0	1	100.0	-6.41	
H3N4F2	Y[pH2N2F]	1	0	1	100.0	-6.41	
H6N5F2S	Y[pH5N4]	1	0	1	100.0	-6.41	
H6N4	Y[p]	1	0	1	100.0	-6.41	
H4N6S	Y[pN]	1	0	1	100.0	-6.41	
H4N4F2	Y[pNF]	1	0	1	100.0	-6.41	
H6N4	Y[pH4N2]	1	0	1	100.0	-6.41	
H7N6S4	Y[pH6N5]	1	0	1	100.0	-6.41	
H4N6	Y[pH3N2]	1	0	1	100.0	-6.41	
H5N4F3S	Y[pH4N4F]	1	0	1	100.0	-6.41	
H3N4F2	Y[pN2F2]	1	0	1	100.0	-6.41	
H5N4F4	Y[pH2N3]	1	0	1	100.0	-6.41	
H8N7F	Y[pHN2]	1	0	1	100.0	-6.41	
H6N5FS	Y[pH4N5]	1	0	1	100.0	-6.41	
H3N6	Y[pH2N3]	1	0	1	100.0	-6.41	
H4N5F2S	Y[pH2N2]	1	0	1	100.0	-6.41	
H9N9F	Y[pH4N3]	1	0	1	100.0	-6.41	
H11N2	Y[pN]	1	0	1	100.0	-6.41	
H3N3F	Y[pN2]	1	0	1	100.0	-6.41	
H5N5F2	Y[pH3N3]	1	0	1	100.0	-6.41	
H4N5S2	Y[pH3N3]	1	0	1	100.0	-6.41	
H6N4FS	Y[pH3N3S]	1	0	1	100.0	-6.41	
H3N7F	Y[pN]	1	0	1	100.0	-6.41	
H5N4F3S2	Y[pH4N3]	1	0	1	100.0	-6.41	
H7N4S	Y[pHN2]	1	0	1	100.0	-6.41	
H3N4F2	Y[pHN2F]	1	0	1	100.0	-6.41	
H3N6	Y[pH2N2]	1	0	1	100.0	-6.41	
H4N4F2	Y[pH3N3F2]	1	0	1	100.0	-6.41	
H4N5F	Y[pH3N2]	1	0	1	100.0	-6.41	
H4N6	Y[pH3N5]	1	0	1	100.0	-6.41	
H3N6	Y[pH3N4]	1	0	1	100.0	-6.41	
H6N5FS	Y[pHN2]	1	0	1	100.0	-6.41	
H4N5F	Y[pH4N4F]	4	7	11	36.36	-6.38	
H5N5S	Y[pH2N3]	4	7	11	36.36	-6.38	
H5N4F	Y[pH3N3F]	10	24	34	29.41	-6.29	
H5N5	Y[pN]	5	10	15	33.33	-6.1	
H6N5FS3	Y[pH5N4]	18	49	67	26.87	-5.88	
H5N4F	Y[pNF]	10	25	35	28.57	-5.75	
H5N4F3S	Y[pH5N4F]	3	5	8	37.5	-5.7	
H4N3	Y[pH3N2]	3	5	8	37.5	-5.7	
H6N3	Y[pH3N2]	3	5	8	37.5	-5.7	
H7N6FS4	Y[pH3N3]	3	5	8	37.5	-5.7	
H7N6FS4	Y[pH5N4S]	3	5	8	37.5	-5.7	
H3N4F	Y[pN2]	3	5	8	37.5	-5.7	
H5N5S	Y[pH4N4]	3	5	8	37.5	-5.7	
H5N5F	Y[pH3N4F]	4	8	12	33.33	-5.43	
H5N5F	Y[pNF]	4	8	12	33.33	-5.43	
H6N2	Y[p]	4	8	12	33.33	-5.43	
H5N5F	Y[pH4N4F]	4	8	12	33.33	-5.43	
H6N4S	Y[pH5N3]	4	8	12	33.33	-5.43	
H3N4F	Y[pHN2]	4	8	12	33.33	-5.43	
H4N4S	Y[pH2N2]	5	11	16	31.25	-5.31	
H6N5FS3	Y[pH4N3S]	8	20	28	28.57	-5.22	
H5N4FS2	Y[pH4N3]	22	64	86	25.58	-5.05	
H4N5F2	Y[pH4N4F]	2	3	5	40.0	-4.92	
H4N5FS	Y[pH2N3]	2	3	5	40.0	-4.92	
H7N6S4	Y[pH6N5S2]	2	3	5	40.0	-4.92	
H4N5	Y[pH3N3]	2	3	5	40.0	-4.92	
H6N5	Y[pH4N4]	2	3	5	40.0	-4.92	
H7N6S4	Y[pH3N3S]	2	3	5	40.0	-4.92	
H5N5FS2	Y[pH3N3]	2	3	5	40.0	-4.92	
H7N6F	Y[pN]	2	3	5	40.0	-4.92	
H5N4F2S	Y[pNF]	2	3	5	40.0	-4.92	
H4N3S	Y[pH3N3]	2	3	5	40.0	-4.92	
H5N4F3	Y[pH4N3F]	2	3	5	40.0	-4.92	
H5N5S	Y[pH4N3]	2	3	5	40.0	-4.92	
H4N4	Y[pH2N3]	2	3	5	40.0	-4.92	
H3N5F	Y[pH2N3]	2	3	5	40.0	-4.92	
H6N5F	Y[pN]	8	21	29	27.59	-4.71	
H3N5	Y[pH2N3]	3	6	9	33.33	-4.69	
H4N4	Y[pN2]	3	6	9	33.33	-4.69	
H6N5F	Y[pH4N4F]	3	6	9	33.33	-4.69	
H7N6S4	Y[pH3N3]	3	6	9	33.33	-4.69	
H5N4F2S	Y[pH4N4]	3	6	9	33.33	-4.69	
H5N5S	Y[pN2]	3	6	9	33.33	-4.69	
H5N4F3S	Y[pH4N3FS]	3	6	9	33.33	-4.69	
H6N3	Y[p]	3	6	9	33.33	-4.69	
H7N6S4	Y[pN]	3	6	9	33.33	-4.69	
H3N5F	Y[pH3N4F]	3	6	9	33.33	-4.69	
H3N5	Y[pN2]	3	6	9	33.33	-4.69	
H5N5FS	Y[pN2]	3	6	9	33.33	-4.69	
H5N5S	Y[pH3N3]	3	6	9	33.33	-4.69	
H4N4F	Y[pHN2F]	4	9	13	30.77	-4.63	
H6N5S2	Y[pH6N5]	4	9	13	30.77	-4.63	
H6N5S2	Y[pH5N4]	10	28	38	26.32	-4.37	
H5N4F	Y[pH3N3]	7	19	26	26.92	-4.17	
H5N4FS	Y[pH4N4F]	5	13	18	27.78	-4.02	
H5N4FS2	Y[pH5N4]	4	10	14	28.57	-3.95	
H5N6F	Y[pH2N3F]	1	1	2	50.0	-3.92	
H4N4F2	Y[pH4N4]	1	1	2	50.0	-3.92	
H7N6	Y[pH4N4]	1	1	2	50.0	-3.92	
H4N3F	Y[pN2F]	1	1	2	50.0	-3.92	
H5N6F	Y[pH5N4F]	1	1	2	50.0	-3.92	
H7N6F	Y[pH4N4F]	1	1	2	50.0	-3.92	
H7N6F	Y[pH3N3F]	1	1	2	50.0	-3.92	
H8N7F	Y[pH5N4]	1	1	2	50.0	-3.92	
H7N5FS2	Y[pH5N4S]	1	1	2	50.0	-3.92	
H6N5F2	Y[pHN2]	1	1	2	50.0	-3.92	
H5N5FS2	Y[pHN3]	1	1	2	50.0	-3.92	
H4N5S2	Y[pH4N3]	1	1	2	50.0	-3.92	
H6N5FS3	Y[pH3N4F]	1	1	2	50.0	-3.92	
H6N6S	Y[pN]	1	1	2	50.0	-3.92	
H5N4F2	Y[pH3N3F]	1	1	2	50.0	-3.92	
H6N5S	Y[pH4N4S]	1	1	2	50.0	-3.92	
H4N5F2	Y[pH3N2]	1	1	2	50.0	-3.92	
H4N4F2	Y[pH2N3]	1	1	2	50.0	-3.92	
H3N6F	Y[pH3N5]	1	1	2	50.0	-3.92	
H7N6F4S	Y[pH3N3]	1	1	2	50.0	-3.92	
H6N5F2	Y[pH2N2]	1	1	2	50.0	-3.92	
H6N5FS2	Y[pH4N4S]	1	1	2	50.0	-3.92	
H5N5S2	Y[pHN3]	1	1	2	50.0	-3.92	
H6N5FS2	Y[pH4N3S]	1	1	2	50.0	-3.92	
H5N4F2	Y[pH2N2F]	1	1	2	50.0	-3.92	
H6N7	Y[pH5N5]	1	1	2	50.0	-3.92	
H6N6F	Y[pH4N4]	1	1	2	50.0	-3.92	
H7N6F4S	Y[pN]	1	1	2	50.0	-3.92	
H6N4FS	Y[pH4N3F]	1	1	2	50.0	-3.92	
H4N5S	Y[pH3N4S]	1	1	2	50.0	-3.92	
H6N4	Y[pN2]	1	1	2	50.0	-3.92	
H6N6S	Y[pH3N3]	1	1	2	50.0	-3.92	
H7N5FS2	Y[pH3N3S]	1	1	2	50.0	-3.92	
H3N6F	Y[pH2N3]	1	1	2	50.0	-3.92	
H5N5F	Y[pHN2]	1	1	2	50.0	-3.92	
H7N6S	Y[pH4N3]	1	1	2	50.0	-3.92	
H5N4FS	Y[pH5N4S]	1	1	2	50.0	-3.92	
H5N5FS2	Y[pH3N4]	1	1	2	50.0	-3.92	
H7N6FS4	Y[pH7N6FS3]	1	1	2	50.0	-3.92	
H6N6FS2	Y[pH6N6F]	1	1	2	50.0	-3.92	
H5N5	Y[pHN2]	1	1	2	50.0	-3.92	
H6N4	Y[pH5N3]	1	1	2	50.0	-3.92	
H7N6FS4	Y[pH5N4S2]	1	1	2	50.0	-3.92	
H3N3F	Y[pH2N2F]	1	1	2	50.0	-3.92	
H5N4F2	Y[pNF]	1	1	2	50.0	-3.92	
H6N5F2	Y[pN2]	1	1	2	50.0	-3.92	
H6N5S	Y[p]	1	1	2	50.0	-3.92	
H3N6F	Y[pN2]	1	1	2	50.0	-3.92	
H6N5	Y[pH6N5]	1	1	2	50.0	-3.92	
H4N5F	Y[pH4N5]	1	1	2	50.0	-3.92	
H5N4F2S	Y[pH5N4F2S]	1	1	2	50.0	-3.92	
H4N6	Y[pHN2]	1	1	2	50.0	-3.92	
H5N3F	Y[pHN2F]	1	1	2	50.0	-3.92	
H8N2	Y[pN]	3	7	10	30.0	-3.87	
H5N3S	Y[pHN2]	3	7	10	30.0	-3.87	
H4N4	Y[pHN2]	3	7	10	30.0	-3.87	
H6N4S	Y[pH6N4]	3	7	10	30.0	-3.87	
H4N5F2	Y[pH4N3F]	2	4	6	33.33	-3.82	
H5N4F2S	Y[p]	2	4	6	33.33	-3.82	
H5N5FS2	Y[pH2N3]	2	4	6	33.33	-3.82	
H7N6FS4	Y[pH6N5S2]	2	4	6	33.33	-3.82	
H6N5FS	Y[pH4N4]	2	4	6	33.33	-3.82	
H5N5FS	Y[pH3N3]	2	4	6	33.33	-3.82	
H3N4F	Y[pH2N3]	2	4	6	33.33	-3.82	
H6N5F2	Y[pN]	2	4	6	33.33	-3.82	
H7N6S4	Y[pH6N5S]	2	4	6	33.33	-3.82	
H5N4FS2	Y[pHN2]	11	33	44	25.0	-3.71	
H6N5S2	Y[pH3N3]	9	27	36	25.0	-3.53	
H6N5FS2	Y[pH4N3]	5	14	19	26.32	-3.5	
H3N4F	Y[pH2N3F]	4	11	15	26.67	-3.37	
H4N4S	Y[pH4N3]	3	8	11	27.27	-3.21	
H6N5FS2	Y[pH4N4]	3	8	11	27.27	-3.21	
H4N4S	Y[pN2]	3	8	11	27.27	-3.21	
H5N5FS2	Y[pN]	3	8	11	27.27	-3.21	
H4N4S	Y[pH3N2]	3	8	11	27.27	-3.21	
H4N4S	Y[pHN2]	3	8	11	27.27	-3.21	
H5N4FS	Y[pHN2]	6	18	24	25.0	-3.19	
H5N4F	Y[pH3N2]	8	25	33	24.24	-3.07	
H4N5F	Y[pH2N4F]	2	5	7	28.57	-3.0	
H4N5F2	Y[pH3N3F]	2	5	7	28.57	-3.0	
H5N4F2S	Y[pH3N3F]	2	5	7	28.57	-3.0	
H6N3	Y[pH5N2]	2	5	7	28.57	-3.0	
H4N3	Y[pN2]	2	5	7	28.57	-3.0	
H6N5FS	Y[pH5N4]	2	5	7	28.57	-3.0	
H6N5S3	Y[pH2N2]	17	56	73	23.29	-2.91	
H6N5FS3	Y[pH4N4]	9	29	38	23.68	-2.88	
H6N2	Y[pH2N2]	4	12	16	25.0	-2.88	
H6N5FS2	Y[pH5N4S]	4	12	16	25.0	-2.88	
H5N4FS	Y[pH3N3]	10	33	43	23.26	-2.71	
H5N4FS	Y[pH3N3F]	17	57	74	22.97	-2.7	
H5N5F	Y[pHN2F]	1	2	3	33.33	-2.67	
H7N6	Y[pH5N4]	1	2	3	33.33	-2.67	
H5N4F2S	Y[pH2N3]	1	2	3	33.33	-2.67	
H6N5F	Y[pH3N4]	1	2	3	33.33	-2.67	
H7N6F	Y[pH5N4F]	1	2	3	33.33	-2.67	
H3N6F	Y[pH2N4F]	1	2	3	33.33	-2.67	
H7N6	Y[pN2]	1	2	3	33.33	-2.67	
H7N6FS4	Y[pN]	3	9	12	25.0	-2.67	
H7N6F	Y[pH5N4]	1	2	3	33.33	-2.67	
H4N3F	Y[pH4N2F]	1	2	3	33.33	-2.67	
H4N3F	Y[pHN2]	1	2	3	33.33	-2.67	
H4N4FS	Y[pH3N3]	1	2	3	33.33	-2.67	
H5N4FS2	Y[pH4N4]	1	2	3	33.33	-2.67	
H6N5F2	Y[pH3N3]	1	2	3	33.33	-2.67	
H6N6FS	Y[pN]	1	2	3	33.33	-2.67	
H5N4F3S	Y[pH5N4FS]	1	2	3	33.33	-2.67	
H4N4F2	Y[pH2N2]	1	2	3	33.33	-2.67	
H3N3	Y[pH2N2]	1	2	3	33.33	-2.67	
H5N4F3S	Y[pH5N4]	1	2	3	33.33	-2.67	
H5N6F	Y[pH3N3F]	1	2	3	33.33	-2.67	
H8N7F	Y[pN2]	1	2	3	33.33	-2.67	
H3N3	Y[pH3N2]	1	2	3	33.33	-2.67	
H4N4F2	Y[pH3N2F]	1	2	3	33.33	-2.67	
H6N6FS2	Y[pH6N6FS]	1	2	3	33.33	-2.67	
H5N5S	Y[pH3N4]	1	2	3	33.33	-2.67	
H5N5S2	Y[pH4N3]	1	2	3	33.33	-2.67	
H7N6S4	Y[pH6N5S3]	1	2	3	33.33	-2.67	
H6N5	Y[p]	1	2	3	33.33	-2.67	
H5N5FS	Y[pH5N4F]	1	2	3	33.33	-2.67	
H5N5S	Y[pH4N4S]	1	2	3	33.33	-2.67	
H4N4F2	Y[pH2N2F]	1	2	3	33.33	-2.67	
H4N5F	Y[pH2N3F]	3	9	12	25.0	-2.67	
H5N3F	Y[pH4N3F]	1	2	3	33.33	-2.67	
H6N5F	Y[pH3N5F]	1	2	3	33.33	-2.67	
H5N5S2	Y[p]	1	2	3	33.33	-2.67	
H5N4F2S	Y[pH5N4F]	1	2	3	33.33	-2.67	
H5N5F	Y[p]	1	2	3	33.33	-2.67	
H8N2	Y[pH4N2]	1	2	3	33.33	-2.67	
H6N3	Y[pH4N3]	1	2	3	33.33	-2.67	
H5N5FS	Y[pH3N3F]	3	9	12	25.0	-2.67	
H5N5F	Y[pH3N3F]	4	13	17	23.53	-2.46	
H5N4FS	Y[pH2N2]	14	48	62	22.58	-2.43	
H5N5	Y[pN2]	2	6	8	25.0	-2.38	
H4N4F	Y[pH2N3]	2	6	8	25.0	-2.38	
H4N3S	Y[pH2N2]	2	6	8	25.0	-2.38	
H7N6FS4	Y[pH3N3S]	2	6	8	25.0	-2.38	
H7N6S3	Y[pH5N4]	2	6	8	25.0	-2.38	
H4N3	Y[pH2N2]	2	6	8	25.0	-2.38	
H6N5FS2	Y[pH3N3]	7	24	31	22.58	-2.33	
H4N4F	Y[pH2N2F]	5	17	22	22.73	-2.3	
H6N5F	Y[pH2N2]	3	10	13	23.08	-2.22	
H6N5S3	Y[pH3N2]	3	10	13	23.08	-2.22	
H5N3S	Y[pN2]	3	10	13	23.08	-2.22	
H3N4F	Y[pNF]	4	14	18	22.22	-2.1	
H3N4F	Y[pH3N2F]	4	14	18	22.22	-2.1	
H6N5F	Y[pH3N3]	4	14	18	22.22	-2.1	
H6N5	Y[pN]	5	18	23	21.74	-2.0	
H4N5F2	Y[pH3N2F]	1	3	4	25.0	-1.9	
H5N4F2S	Y[pH2N2F]	1	3	4	25.0	-1.9	
H5N5S	Y[pH2N2]	1	3	4	25.0	-1.9	
H6N5F	Y[pNF]	1	3	4	25.0	-1.9	
H5N5FS	Y[pH4N4FS]	1	3	4	25.0	-1.9	
H4N5FS	Y[pH3N4]	1	3	4	25.0	-1.9	
H4N4F	Y[pH3N4F]	1	3	4	25.0	-1.9	
H3N5	Y[p]	1	3	4	25.0	-1.9	
H5N4F2S	Y[pH3N2F]	1	3	4	25.0	-1.9	
H9N2	Y[pN2]	1	3	4	25.0	-1.9	
H6N5	Y[pN2]	2	7	9	22.22	-1.9	
H6N4S	Y[pH5N3S]	1	3	4	25.0	-1.9	
H9N2	Y[p]	1	3	4	25.0	-1.9	
H4N5F2	Y[pNF]	1	3	4	25.0	-1.9	
H3N5F	Y[pH2N4F]	2	7	9	22.22	-1.9	
H9N2	Y[pH3N2]	1	3	4	25.0	-1.9	
H7N6F	Y[pH6N5F]	1	3	4	25.0	-1.9	
H3N6F	Y[pH2N3F]	1	3	4	25.0	-1.9	
H4N5F2	Y[pH2N2F]	1	3	4	25.0	-1.9	
H5N5S	Y[pHN2]	1	3	4	25.0	-1.9	
H5N5S2	Y[pH3N3]	1	3	4	25.0	-1.9	
H6N5FS	Y[pH3N3F]	2	7	9	22.22	-1.9	
H7N6S4	Y[pH5N4S2]	1	3	4	25.0	-1.9	
H6N5FS	Y[pH5N4S]	1	3	4	25.0	-1.9	
H5N5F	Y[pH4N3F]	1	3	4	25.0	-1.9	
H6N5FS3	Y[pH4N4S]	2	7	9	22.22	-1.9	
H4N5F2	Y[pH4N3F2]	1	3	4	25.0	-1.9	
H5N4FS2	Y[pH3N4]	1	3	4	25.0	-1.9	
H3N4F	Y[pN2F]	2	7	9	22.22	-1.9	
H5N4FS	Y[pH2N3F]	1	3	4	25.0	-1.9	
H6N5FS3	Y[pH3N4S]	1	3	4	25.0	-1.9	
H9N2	Y[pHN2]	1	3	4	25.0	-1.9	
H6N5S	Y[pH4N4]	3	11	14	21.43	-1.85	
H5N3S	Y[pH3N2]	3	11	14	21.43	-1.85	
H3N4F	Y[pH3N3F]	3	11	14	21.43	-1.85	
H6N5S2	Y[pHN2]	3	11	14	21.43	-1.85	
H4N3	Y[p]	1	4	5	20.0	-1.38	
H6N5S2	Y[pH2N3]	1	4	5	20.0	-1.38	
H6N5S2	Y[pH4N4S]	1	4	5	20.0	-1.38	
H3N6F	Y[pH3N5F]	1	4	5	20.0	-1.38	
H7N6S4	Y[pH4N3]	1	4	5	20.0	-1.38	
H6N5F	Y[pH6N5]	1	4	5	20.0	-1.38	
H4N5F2	Y[pH3N4F]	1	4	5	20.0	-1.38	
H5N5	Y[p]	1	4	5	20.0	-1.38	
H5N3F	Y[pH4N2F]	1	4	5	20.0	-1.38	
H6N5F	Y[pHN2F]	1	4	5	20.0	-1.38	
H5N5S	Y[pH5N4]	1	4	5	20.0	-1.38	
H6N5S2	Y[pH5N5]	1	4	5	20.0	-1.38	
H5N5FS	Y[pH4N4]	1	4	5	20.0	-1.38	
H4N5	Y[pH2N4]	1	4	5	20.0	-1.38	
H5N5S2	Y[pH3N4]	1	4	5	20.0	-1.38	
H4N5	Y[pH3N4]	1	4	5	20.0	-1.38	
H7N6S3	Y[pH5N4S2]	0	1	1	0.0	-0.0	
H4N4F2S	Y[pH4N3S]	0	1	1	0.0	-0.0	
H5N4F4	Y[pH4N4F]	0	1	1	0.0	-0.0	
H6N5F2S	Y[pH6N5F2]	0	1	1	0.0	-0.0	
H4N5F2S	Y[pH4N4S]	0	1	1	0.0	-0.0	
H7N5FS2	Y[pH4N4]	0	1	1	0.0	-0.0	
H6N6FS	Y[pH4N5S]	0	1	1	0.0	-0.0	
H6N5FS	Y[pH3N3S]	0	1	1	0.0	-0.0	
H5N5FS	Y[pH3N2F]	0	1	1	0.0	-0.0	
H4N7F	Y[pH2N5F]	0	1	1	0.0	-0.0	
H6N3FS	Y[pH4N3]	0	1	1	0.0	-0.0	
H6N5S	Y[pH2N3]	0	1	1	0.0	-0.0	
H4N5F2S	Y[pH3N4F]	0	1	1	0.0	-0.0	
H4N4FS	Y[pH4N3FS]	0	1	1	0.0	-0.0	
H6N4F	Y[pH4N3]	0	1	1	0.0	-0.0	
H7N6FS2	Y[pH4N3S]	0	1	1	0.0	-0.0	
H6N5S	Y[pH3N4]	0	1	1	0.0	-0.0	
H6N5F2	Y[pH6N5F]	0	1	1	0.0	-0.0	
H7N6F4S	Y[pH6N5F2S]	0	1	1	0.0	-0.0	
H7N6FS4	Y[pH4N3F]	0	1	1	0.0	-0.0	
H6N5FS2	Y[pH5N5S2]	0	1	1	0.0	-0.0	
H5N5	Y[pH2N5]	0	1	1	0.0	-0.0	
H5N5S2	Y[pH5N4]	0	1	1	0.0	-0.0	
H8N7F	Y[pH3N2F]	0	1	1	0.0	-0.0	
H7N6F4S	Y[pH3N5F3]	0	1	1	0.0	-0.0	
H4N4F2S	Y[pH3N4F2]	0	1	1	0.0	-0.0	
H7N6F	Y[pN2]	0	1	1	0.0	-0.0	
H6N5F2	Y[pH5N4F2]	0	1	1	0.0	-0.0	
H5N3F	Y[pH2N3F]	0	1	1	0.0	-0.0	
H7N6FS4	Y[pH7N6FS2]	0	1	1	0.0	-0.0	
H5N5FS2	Y[pH2N2F]	0	1	1	0.0	-0.0	
H6N7	Y[pH3N4]	0	1	1	0.0	-0.0	
H7N5FS2	Y[pH5N5]	0	1	1	0.0	-0.0	
H8N7F	Y[pH5N7F]	0	1	1	0.0	-0.0	
H7N6S4	Y[pH4N6S]	0	1	1	0.0	-0.0	
H6N5F2	Y[pH6N5F2]	0	1	1	0.0	-0.0	
H4N5F	Y[pHN2F]	0	1	1	0.0	-0.0	
H5N5FS	Y[pHN2]	0	1	1	0.0	-0.0	
H6N5FS2	Y[pH5N5FS]	0	1	1	0.0	-0.0	
H4N3F2	Y[pH3N3]	0	1	1	0.0	-0.0	
H7N6S	Y[pH6N5]	0	1	1	0.0	-0.0	
H5N5FS2	Y[pH5N5S2]	0	1	1	0.0	-0.0	
H7N6FS4	Y[pH6N5FS]	0	1	1	0.0	-0.0	
H9N9F	Y[pHN2]	0	1	1	0.0	-0.0	
H3N6F2	Y[pH3N5F2]	0	1	1	0.0	-0.0	
H6N4F3	Y[pN]	0	1	1	0.0	-0.0	
H5N6F	Y[pH4N5]	0	1	1	0.0	-0.0	
H6N5F2S	Y[pH5N5F]	0	1	1	0.0	-0.0	
H6N4F	Y[pH3N2]	0	1	1	0.0	-0.0	
H4N7	Y[pH2N5]	0	1	1	0.0	-0.0	
H5N4F2S	Y[pH3N3FS]	0	1	1	0.0	-0.0	
H4N5FS	Y[pHN3]	0	1	1	0.0	-0.0	
H7N6FS4	Y[pH6N6FS3]	0	1	1	0.0	-0.0	
H5N4F	Y[pH3N4]	0	1	1	0.0	-0.0	
H6N3FS	Y[pH6N3S]	0	1	1	0.0	-0.0	
H9N2	Y[pH6N2]	0	1	1	0.0	-0.0	
H4N5F	Y[pH3N5F]	0	1	1	0.0	-0.0	
H7N6FS4	Y[pH3N2]	0	1	1	0.0	-0.0	
H3N6	Y[pH3N5]	0	1	1	0.0	-0.0	
H5N4FS	Y[pH2N3]	0	1	1	0.0	-0.0	
H6N5FS	Y[pH3N5F]	0	1	1	0.0	-0.0	
H3N4F	Y[pH3N4]	0	1	1	0.0	-0.0	
H5N4F4	Y[pH3N3F]	0	1	1	0.0	-0.0	
H6N5FS3	Y[pH4N5FS]	0	1	1	0.0	-0.0	
H7N6FS	Y[pN2F]	0	1	1	0.0	-0.0	
H6N4FS	Y[pH3N4S]	0	1	1	0.0	-0.0	
H4N9F	Y[pH4N5]	0	1	1	0.0	-0.0	
H6N5F2S	Y[pN2F]	0	1	1	0.0	-0.0	
H7N6FS	Y[pN2]	0	1	1	0.0	-0.0	
H5N4F2	Y[pH2N3F2]	0	1	1	0.0	-0.0	
H7N6FS3	Y[pH7N6]	0	1	1	0.0	-0.0	
H5N5	Y[pH3N5]	0	1	1	0.0	-0.0	
H6N4F	Y[pH2N2]	0	1	1	0.0	-0.0	
H6N6S	Y[pH4N5]	0	1	1	0.0	-0.0	
H9N2	Y[pH5N2]	0	1	1	0.0	-0.0	
H7N6S3	Y[pH2N2]	0	1	1	0.0	-0.0	
H6N5	Y[pH4N5]	0	1	1	0.0	-0.0	
H5N5	Y[pH4N5]	0	1	1	0.0	-0.0	
H7N6FS3	Y[pH6N5S]	0	1	1	0.0	-0.0	
H6N5FS2	Y[pH4N5]	0	1	1	0.0	-0.0	
H7N5FS2	Y[pH5N4S2]	0	1	1	0.0	-0.0	
H6N6	Y[pN]	0	1	1	0.0	-0.0	
H8N7F	Y[pH6N5]	0	1	1	0.0	-0.0	
H6N6FS2	Y[pH4N3F]	0	1	1	0.0	-0.0	
H7N6F	Y[pH4N3]	0	1	1	0.0	-0.0	
H6N6S	Y[pH6N6]	0	1	1	0.0	-0.0	
H4N4F2	Y[pH4N3F2]	0	1	1	0.0	-0.0	
H4N4	Y[pHN3]	0	1	1	0.0	-0.0	
H7N6FS2	Y[pN2]	0	1	1	0.0	-0.0	
H5N3	Y[pHN3]	0	1	1	0.0	-0.0	
H5N6F	Y[pH2N5]	0	1	1	0.0	-0.0	
H4N4F2	Y[pHN2]	0	1	1	0.0	-0.0	
H7N6FS4	Y[pH4N6FS]	0	1	1	0.0	-0.0	
H6N4F	Y[pHN3F]	0	1	1	0.0	-0.0	
H7N6FS3	Y[pH5N6FS2]	0	1	1	0.0	-0.0	
H7N6S	Y[pHN2]	0	1	1	0.0	-0.0	
H4N5S2	Y[pH2N3]	0	1	1	0.0	-0.0	
H6N6S	Y[pH2N3]	0	1	1	0.0	-0.0	
H7N6FS2	Y[pH3N3F]	0	1	1	0.0	-0.0	
H7N6S3	Y[pH5N6]	0	1	1	0.0	-0.0	
H5N3F	Y[pH5N3]	0	1	1	0.0	-0.0	
H3N5F	Y[pHN2F]	0	1	1	0.0	-0.0	
H4N4F2S	Y[pH4N3F2]	0	1	1	0.0	-0.0	
H5N4F3S	Y[pH4N4F3]	0	1	1	0.0	-0.0	
H4N6S	Y[pN2]	0	1	1	0.0	-0.0	
H4N7	Y[pH3N5]	0	1	1	0.0	-0.0	
H6N6FS2	Y[pH4N4S]	0	1	1	0.0	-0.0	
H4N5S2	Y[pH4N5S2]	0	1	1	0.0	-0.0	
H6N4FS	Y[pH6N3]	0	1	1	0.0	-0.0	
H6N6FS2	Y[pH2N3F]	0	1	1	0.0	-0.0	
H6N4FS	Y[pH3N4F]	0	1	1	0.0	-0.0	
H7N4	Y[pN]	0	1	1	0.0	-0.0	
H6N4F	Y[pH3N3]	0	1	1	0.0	-0.0	
H6N5FS2	Y[pH3N2F]	0	1	1	0.0	-0.0	
H6N5F2	Y[pH4N4F2]	0	1	1	0.0	-0.0	
H7N6FS4	Y[pH4N6F]	0	1	1	0.0	-0.0	
H6N6	Y[pH3N3]	0	1	1	0.0	-0.0	
H7N4	Y[pN2]	0	1	1	0.0	-0.0	
H7N6S4	Y[pH2N4]	0	1	1	0.0	-0.0	
H6N6FS	Y[pH6N6F]	0	1	1	0.0	-0.0	
H4N7F	Y[pH3N6F]	0	1	1	0.0	-0.0	
H7N4S	Y[pH4N2]	0	1	1	0.0	-0.0	
H5N4F3	Y[pH5N4F2]	0	1	1	0.0	-0.0	
H7N6FS3	Y[pH5N5S]	0	1	1	0.0	-0.0	
H7N6FS	Y[pH5N5]	0	1	1	0.0	-0.0	
H4N3FS	Y[pH3N2]	0	1	1	0.0	-0.0	
H5N4F4	Y[pH2N2F]	0	1	1	0.0	-0.0	
H6N3FS	Y[pH6N3F]	0	1	1	0.0	-0.0	
H6N5F2S	Y[pH3N3F]	0	1	1	0.0	-0.0	
H5N4F4	Y[pH5N4F4]	0	1	1	0.0	-0.0	
H6N5FS2	Y[pH3N4]	0	1	1	0.0	-0.0	
H5N5F	Y[pH3N2F]	0	1	1	0.0	-0.0	
H4N5F2S	Y[pH3N3FS]	0	1	1	0.0	-0.0	
H4N5FS	Y[pH2N4]	0	1	1	0.0	-0.0	
H5N5S	Y[pH3N4S]	0	1	1	0.0	-0.0	
H4N5F2S	Y[pH4N3]	0	1	1	0.0	-0.0	
H7N6F4S	Y[pH6N5F2]	0	1	1	0.0	-0.0	
H5N6FS2	Y[pH4N5F]	0	1	1	0.0	-0.0	
H4N5S2	Y[pH4N3S]	0	1	1	0.0	-0.0	
H6N5F3	Y[pH4N4F]	0	1	1	0.0	-0.0	
H5N6FS2	Y[pH4N5FS]	0	1	1	0.0	-0.0	
H5N4F3S	Y[pH4N4F3S]	0	1	1	0.0	-0.0	
H7N6S2	Y[pH2N2]	0	1	1	0.0	-0.0	
H7N6S3	Y[pH4N5]	0	1	1	0.0	-0.0	
H5N4F2S	Y[pN2F]	0	1	1	0.0	-0.0	
H7N6FS3	Y[pN2]	0	1	1	0.0	-0.0	
H6N6FS2	Y[pH3N2F]	0	1	1	0.0	-0.0	
H4N6	Y[pH2N4]	0	1	1	0.0	-0.0	
H9N9F	Y[pH5N7]	0	1	1	0.0	-0.0	
H7N4S	Y[pH3N4]	0	1	1	0.0	-0.0	
H9N9F	Y[pNF]	0	1	1	0.0	-0.0	
H4N5S	Y[pH4N3S]	0	1	1	0.0	-0.0	
H8N2	Y[pH7N2]	0	1	1	0.0	-0.0	
H5N5FS2	Y[pH3N3S]	0	1	1	0.0	-0.0	
H6N6FS	Y[pH3N3S]	0	1	1	0.0	-0.0	
H4N9F	Y[pH4N6]	0	1	1	0.0	-0.0	
H7N6S	Y[pH6N5S]	0	1	1	0.0	-0.0	
H5N4F	Y[pH5N4]	0	1	1	0.0	-0.0	
H6N5FS2	Y[pH4N5F]	0	1	1	0.0	-0.0	
H5N5	Y[pH2N2]	0	1	1	0.0	-0.0	
H7N6F	Y[pH5N5F]	0	1	1	0.0	-0.0	
H5N5FS	Y[pH5N5]	0	1	1	0.0	-0.0	
H5N4F4	Y[pH3N3F3]	0	1	1	0.0	-0.0	
H4N5FS	Y[pHN3F]	0	1	1	0.0	-0.0	
H7N6FS2	Y[pH5N6F]	0	1	1	0.0	-0.0	
H7N5FS2	Y[pH6N5S]	0	1	1	0.0	-0.0	
H6N5FS2	Y[pH2N4]	0	1	1	0.0	-0.0	
H7N6FS2	Y[pH3N2]	0	1	1	0.0	-0.0	
H5N5FS2	Y[pH4N3F]	0	1	1	0.0	-0.0	
H4N9F	Y[pH2N2]	0	1	1	0.0	-0.0	
H7N6FS2	Y[pH6N6F]	0	1	1	0.0	-0.0	
H6N6FS	Y[pNF]	0	1	1	0.0	-0.0	
H6N5FS	Y[p]	0	1	1	0.0	-0.0	
H6N4FS	Y[pH5N3S]	0	1	1	0.0	-0.0	
H6N5FS	Y[pH2N4]	0	1	1	0.0	-0.0	
H6N3	Y[pH6N2]	0	1	1	0.0	-0.0	
H6N4F3	Y[pH4N3]	0	1	1	0.0	-0.0	
H5N4F3S	Y[pH4N4F2]	0	1	1	0.0	-0.0	
H7N4	Y[pH2N2]	0	1	1	0.0	-0.0	
H7N6	Y[pH3N4]	0	1	1	0.0	-0.0	
H6N5F2S	Y[pH5N5FS]	0	1	1	0.0	-0.0	
H6N4FS	Y[pH5N4FS]	0	1	1	0.0	-0.0	
H5N4F2	Y[pH3N2F]	0	1	1	0.0	-0.0	
H6N6FS2	Y[pH5N5FS2]	0	1	1	0.0	-0.0	
H6N4FS	Y[pH4N4S]	0	1	1	0.0	-0.0	
H5N5S	Y[pH3N3S]	0	1	1	0.0	-0.0	
H6N5FS	Y[pH5N5S]	0	1	1	0.0	-0.0	
H7N6FS4	Y[pH3N3FS]	0	1	1	0.0	-0.0	
H4N4F	Y[pH2N4]	0	1	1	0.0	-0.0	
H7N4	Y[pH4N3]	0	1	1	0.0	-0.0	
H5N5FS	Y[pH4N5]	0	1	1	0.0	-0.0	
H4N5F2	Y[pH2N4F]	0	1	1	0.0	-0.0	
H6N5S2	Y[pH2N4]	0	1	1	0.0	-0.0	
H4N5F2S	Y[pH4N4F2S]	0	1	1	0.0	-0.0	
H6N3FS	Y[pH4N2F]	0	1	1	0.0	-0.0	
H6N4	Y[pH6N3]	0	1	1	0.0	-0.0	
H7N6FS2	Y[pHN2]	0	1	1	0.0	-0.0	
H6N5S2	Y[pH6N5S2]	0	1	1	0.0	-0.0	
H6N4FS	Y[pH6N4S]	0	1	1	0.0	-0.0	
H5N5FS	Y[pH3N4S]	0	1	1	0.0	-0.0	
H7N6FS	Y[pH4N4F]	0	1	1	0.0	-0.0	
H5N5S2	Y[pH2N2]	0	1	1	0.0	-0.0	
H4N4FS	Y[pN2F]	0	1	1	0.0	-0.0	
H7N5FS2	Y[pH5N4]	0	1	1	0.0	-0.0	
H8N7S	Y[pH2N4]	0	1	1	0.0	-0.0	
H6N5FS2	Y[pHN2F]	0	1	1	0.0	-0.0	
H4N4F2	Y[pH3N3]	0	1	1	0.0	-0.0	
H4N5	Y[pH3N5]	0	1	1	0.0	-0.0	
H4N3FS	Y[pH2N2F]	0	1	1	0.0	-0.0	
H7N5FS2	Y[pN2F]	0	1	1	0.0	-0.0	
H6N5S3	Y[pH6N5S3]	0	1	1	0.0	-0.0	
H7N4	Y[pH5N3]	0	1	1	0.0	-0.0	
H6N6FS2	Y[pH4N5FS]	0	1	1	0.0	-0.0	
H7N6FS4	Y[pH2N3]	0	1	1	0.0	-0.0	
H6N6FS2	Y[pH3N5F]	0	1	1	0.0	-0.0	
H6N6	Y[pH2N3]	0	1	1	0.0	-0.0	
H6N5FS3	Y[pH5N5S2]	0	1	1	0.0	-0.0	
H6N5FS	Y[pH3N4FS]	0	1	1	0.0	-0.0	
H6N5FS	Y[pH4N3FS]	0	1	1	0.0	-0.0	
H6N5F2S	Y[pH4N4FS]	0	1	1	0.0	-0.0	
H4N7	Y[pN2]	0	1	1	0.0	-0.0	
H5N5F	Y[pH4N5F]	0	1	1	0.0	-0.0	
H7N6FS3	Y[pH6N5FS3]	0	1	1	0.0	-0.0	
H6N5F3	Y[pNF]	0	1	1	0.0	-0.0	
H6N4S	Y[p]	0	1	1	0.0	-0.0	
H7N6F4S	Y[pHN2F]	0	1	1	0.0	-0.0	
H6N5FS2	Y[pH4N4FS]	0	1	1	0.0	-0.0	
H6N5F2S	Y[pH3N3F2]	0	1	1	0.0	-0.0	
H5N5FS	Y[pH2N4F]	0	1	1	0.0	-0.0	
H4N6S	Y[pH4N5]	0	1	1	0.0	-0.0	
H6N6F	Y[pN2F]	0	1	1	0.0	-0.0	
H5N4F2	Y[pN2F]	0	1	1	0.0	-0.0	
H6N6FS2	Y[pH3N2]	0	1	1	0.0	-0.0	
H4N4F2S	Y[pH3N3F2]	0	1	1	0.0	-0.0	
H6N5F2S	Y[pH6N5FS]	0	1	1	0.0	-0.0	
H5N3	Y[pH2N3]	0	1	1	0.0	-0.0	
H5N4	Y[pH5N3]	0	1	1	0.0	-0.0	
H5N5F	Y[pH5N5]	0	1	1	0.0	-0.0	
H7N6FS3	Y[pHN2F]	0	1	1	0.0	-0.0	
H5N4F4	Y[pH4N4F2]	0	1	1	0.0	-0.0	
H5N5F2	Y[pH2N3F]	0	1	1	0.0	-0.0	
H7N6S	Y[pH5N4S]	0	1	1	0.0	-0.0	
H5N5F	Y[pH5N4F]	0	1	1	0.0	-0.0	
H7N6FS3	Y[pH4N3]	0	1	1	0.0	-0.0	
H7N6FS3	Y[pH7N6F]	0	1	1	0.0	-0.0	
H6N5S2	Y[pH3N4]	0	1	1	0.0	-0.0	
H6N5F2S	Y[pH3N5F]	0	1	1	0.0	-0.0	
H7N6S2	Y[pH6N5S2]	0	1	1	0.0	-0.0	
H6N5S	Y[pH3N5]	0	1	1	0.0	-0.0	
H6N6	Y[pH5N4]	0	1	1	0.0	-0.0	
H4N3F	Y[p]	0	1	1	0.0	-0.0	
H4N4F2S	Y[pH4N4F2]	0	1	1	0.0	-0.0	
H7N6FS3	Y[pN2F]	0	1	1	0.0	-0.0	
H5N6F	Y[pH4N4]	0	1	1	0.0	-0.0	
H7N4	Y[pH3N3]	0	1	1	0.0	-0.0	
H7N4	Y[pHN2]	0	1	1	0.0	-0.0	
H7N6F4S	Y[pH5N4F2]	0	1	1	0.0	-0.0	
H3N5F	Y[pHN3]	0	1	1	0.0	-0.0	
H5N4F	Y[pH2N3]	0	1	1	0.0	-0.0	
H6N6FS2	Y[pN2]	0	1	1	0.0	-0.0	
H7N6FS2	Y[pH7N6F]	0	1	1	0.0	-0.0	
H6N5F2	Y[pH2N2F]	0	1	1	0.0	-0.0	
H3N6F2	Y[pH3N4F2]	0	1	1	0.0	-0.0	
H7N6FS2	Y[pH5N4F]	0	1	1	0.0	-0.0	
H6N6F	Y[pH3N6]	0	1	1	0.0	-0.0	
H4N3	Y[pH2N3]	0	1	1	0.0	-0.0	
H7N6FS2	Y[pH5N5F]	0	1	1	0.0	-0.0	
H5N4F2	Y[p]	0	1	1	0.0	-0.0	
H7N6S2	Y[pH5N5S2]	0	1	1	0.0	-0.0	
H5N5	Y[pH5N2]	0	1	1	0.0	-0.0	
H5N4F3	Y[pH3N3F2]	0	1	1	0.0	-0.0	
H5N3	Y[pH3N3]	0	1	1	0.0	-0.0	
H4N7F	Y[pH3N6]	0	1	1	0.0	-0.0	
H7N6FS3	Y[pH3N5]	0	1	1	0.0	-0.0	
H7N6FS3	Y[pH4N4FS]	0	1	1	0.0	-0.0	
H6N6FS	Y[pH3N4]	0	1	1	0.0	-0.0	
H4N4F	Y[p]	0	1	1	0.0	-0.0	
H6N6F	Y[pHN2F]	0	1	1	0.0	-0.0	
H7N6FS2	Y[pH3N4S]	0	1	1	0.0	-0.0	
H7N6FS3	Y[pH7N6FS]	0	1	1	0.0	-0.0	
H6N5F3	Y[pH4N3]	0	1	1	0.0	-0.0	
H7N6S	Y[pH2N2]	0	1	1	0.0	-0.0	
H5N5S	Y[pH4N3S]	0	1	1	0.0	-0.0	
H6N4F3	Y[pH2N2]	0	1	1	0.0	-0.0	
H7N6FS4	Y[pH5N5F]	0	1	1	0.0	-0.0	
H6N6S	Y[pH5N4]	0	1	1	0.0	-0.0	
H6N6FS2	Y[pH4N6]	0	1	1	0.0	-0.0	
H4N6	Y[pH4N5]	0	1	1	0.0	-0.0	
H5N5S2	Y[pH3N2]	0	1	1	0.0	-0.0	
H6N6FS2	Y[pH4N5FS2]	0	1	1	0.0	-0.0	
H5N4F3S	Y[pH4N3F2]	0	1	1	0.0	-0.0	
H6N5S3	Y[pH2N4]	0	1	1	0.0	-0.0	
H7N4	Y[pH3N2]	0	1	1	0.0	-0.0	
H6N6FS2	Y[pH5N6F]	0	1	1	0.0	-0.0	
H7N6FS3	Y[pH4N4]	0	1	1	0.0	-0.0	
H5N5F2	Y[pH3N4F]	0	1	1	0.0	-0.0	
H5N4F	Y[pH4N4]	0	1	1	0.0	-0.0	
H5N5FS2	Y[pH4N3S]	0	1	1	0.0	-0.0	
H8N7F	Y[pH5N4F]	0	1	1	0.0	-0.0	
H5N4FS2	Y[pH5N4S2]	0	1	1	0.0	-0.0	
H5N5F	Y[pH4N5]	0	1	1	0.0	-0.0	
H6N5FS	Y[pH6N5FS]	0	1	1	0.0	-0.0	
H7N6S2	Y[pH6N5S]	0	1	1	0.0	-0.0	
H6N7	Y[pH2N4]	0	1	1	0.0	-0.0	
H6N5S2	Y[p]	0	1	1	0.0	-0.0	
H4N7	Y[pH4N6]	0	1	1	0.0	-0.0	
H4N3FS	Y[pH2N2]	0	1	1	0.0	-0.0	
H4N7	Y[pH3N4]	0	1	1	0.0	-0.0	
H5N5F	Y[pH5N4]	0	1	1	0.0	-0.0	
H7N6FS	Y[pH3N3]	0	1	1	0.0	-0.0	
H5N5F2	Y[pH3N3F]	0	1	1	0.0	-0.0	
H6N4F3	Y[pH2N3F]	0	1	1	0.0	-0.0	
H7N6FS3	Y[pH6N5]	0	1	1	0.0	-0.0	
H6N4FS	Y[pH2N3]	0	1	1	0.0	-0.0	
H6N4FS	Y[pHN3]	0	1	1	0.0	-0.0	
H7N6FS4	Y[pH3N4]	0	1	1	0.0	-0.0	
H6N6	Y[pH3N4]	0	1	1	0.0	-0.0	
H4N9F	Y[pH4N5F]	0	1	1	0.0	-0.0	
H6N5F	Y[pH2N3F]	0	1	1	0.0	-0.0	
H4N7	Y[pH3N6]	0	1	1	0.0	-0.0	
H6N4FS	Y[pH5N3FS]	0	1	1	0.0	-0.0	
H5N5S2	Y[pHN2]	0	1	1	0.0	-0.0	
H6N5F2S	Y[pH3N4FS]	0	1	1	0.0	-0.0	
H7N6F4S	Y[pN2F]	0	1	1	0.0	-0.0	
H7N6FS3	Y[pH4N5F]	0	1	1	0.0	-0.0	
H6N5FS	Y[pH2N3F]	0	1	1	0.0	-0.0	
H8N7S	Y[pH4N5]	0	1	1	0.0	-0.0	
H7N6F	Y[pH2N2]	0	1	1	0.0	-0.0	
H3N7F	Y[pH2N4F]	0	1	1	0.0	-0.0	
H7N6FS2	Y[pH3N3]	0	1	1	0.0	-0.0	
H4N7	Y[pH2N3]	0	1	1	0.0	-0.0	
H4N3F2	Y[p]	0	1	1	0.0	-0.0	
H5N5FS2	Y[pH4N5FS]	0	1	1	0.0	-0.0	
H7N6FS4	Y[pH3N2F]	0	1	1	0.0	-0.0	
H5N4F4	Y[pH3N4]	0	1	1	0.0	-0.0	
H5N3S	Y[pH5N3S]	0	1	1	0.0	-0.0	
H6N6FS2	Y[pH5N4FS2]	0	1	1	0.0	-0.0	
H4N5FS	Y[pH4N3FS]	0	1	1	0.0	-0.0	
H6N4F3	Y[pH3N2]	0	1	1	0.0	-0.0	
H5N5FS	Y[pHN3F]	0	1	1	0.0	-0.0	
H4N3FS	Y[pNF]	0	1	1	0.0	-0.0	
H4N7	Y[pH2N4]	0	1	1	0.0	-0.0	
H6N5FS	Y[pH6N5S]	0	1	1	0.0	-0.0	
H4N7F	Y[pH4N3F]	0	1	1	0.0	-0.0	
H7N6FS3	Y[pH6N6S3]	0	1	1	0.0	-0.0	
H4N5FS	Y[pH3N4FS]	0	1	1	0.0	-0.0	
H5N6F	Y[pH3N4F]	0	1	1	0.0	-0.0	
H8N7S	Y[pH3N6]	0	1	1	0.0	-0.0	
H7N6FS3	Y[pH5N6S]	0	1	1	0.0	-0.0	
H6N5FS	Y[pN2F]	0	1	1	0.0	-0.0	
H5N5S2	Y[pH3N5]	0	1	1	0.0	-0.0	
H7N4S	Y[pH3N4S]	0	1	1	0.0	-0.0	
H7N6FS3	Y[pH6N5S2]	0	1	1	0.0	-0.0	
H5N4FS	Y[pH4N4FS]	0	1	1	0.0	-0.0	
H3N6F2	Y[pH3N5F]	0	1	1	0.0	-0.0	
H4N6S	Y[pH2N4]	0	1	1	0.0	-0.0	
H6N5S	Y[pH3N3S]	0	1	1	0.0	-0.0	
H5N5S2	Y[pH3N4S]	0	1	1	0.0	-0.0	
H5N5S	Y[pH5N4S]	0	1	1	0.0	-0.0	
H7N6FS2	Y[pH2N3]	0	1	1	0.0	-0.0	
H4N2	Y[pH3N2]	0	1	1	0.0	-0.0	
H5N5S2	Y[pH2N4]	0	1	1	0.0	-0.0	
H4N5F2S	Y[pH2N2F]	0	1	1	0.0	-0.0	
H5N6FS2	Y[pH5N4F]	0	1	1	0.0	-0.0	
H3N5	Y[pHN3]	0	1	1	0.0	-0.0	
H6N5S2	Y[pH3N4S]	0	1	1	0.0	-0.0	
H6N6	Y[pH4N4]	0	1	1	0.0	-0.0	
H7N6F	Y[pH6N5]	0	1	1	0.0	-0.0	
H6N6FS	Y[pH4N5F]	0	1	1	0.0	-0.0	
H6N6FS2	Y[pH2N2F]	0	1	1	0.0	-0.0	
H5N4F3	Y[pH4N4]	0	1	1	0.0	-0.0	
H5N4F3S	Y[pH2N3F2]	0	1	1	0.0	-0.0	
H7N6FS2	Y[pH6N5FS2]	0	1	1	0.0	-0.0	
H5N4F3S	Y[pN2F]	0	1	1	0.0	-0.0	
H5N5FS	Y[pH2N4]	0	1	1	0.0	-0.0	
H6N6F	Y[pH2N2F]	0	1	1	0.0	-0.0	
H6N4FS	Y[pH3N4FS]	0	1	1	0.0	-0.0	
H5N5FS	Y[pH3N3FS]	0	1	1	0.0	-0.0	
H7N6S3	Y[pH4N5S]	0	1	1	0.0	-0.0	
H7N6FS4	Y[pH2N2F]	0	1	1	0.0	-0.0	
H4N7	Y[pH4N5]	0	1	1	0.0	-0.0	
H11N2	Y[pN2]	0	1	1	0.0	-0.0	
H7N6F	Y[pHN2]	0	1	1	0.0	-0.0	
H6N4FS	Y[pH5N2F]	0	1	1	0.0	-0.0	
H7N6	Y[pH2N3]	0	1	1	0.0	-0.0	
H5N4F4	Y[pH4N4]	0	1	1	0.0	-0.0	
H5N5FS2	Y[pH4N5F]	0	1	1	0.0	-0.0	
H6N5F	Y[pH4N5]	0	1	1	0.0	-0.0	
H5N6FS2	Y[pH5N4FS]	0	1	1	0.0	-0.0	
H7N6S4	Y[pH5N6S]	0	1	1	0.0	-0.0	
H6N5FS2	Y[pH3N5]	0	1	1	0.0	-0.0	
H7N6FS2	Y[pH2N2]	0	1	1	0.0	-0.0	
H5N5FS2	Y[pH5N5S]	0	1	1	0.0	-0.0	
H7N6F	Y[pH4N4]	0	1	1	0.0	-0.0	
H6N4S	Y[pH4N3S]	0	1	1	0.0	-0.0	
H4N3F2	Y[pHN2]	0	1	1	0.0	-0.0	
H5N5FS	Y[pH4N4S]	0	1	1	0.0	-0.0	
H7N6FS2	Y[pH4N4F]	0	1	1	0.0	-0.0	
H4N4FS	Y[pHN2F]	0	1	1	0.0	-0.0	
H4N4FS	Y[pH2N3]	0	1	1	0.0	-0.0	
H7N6FS4	Y[pH4N3FS]	0	1	1	0.0	-0.0	
H6N5F2S	Y[pH2N3F]	0	1	1	0.0	-0.0	
H5N4F	Y[pH5N4F]	0	1	1	0.0	-0.0	
H5N6F	Y[pH2N2]	0	1	1	0.0	-0.0	
H4N5F2	Y[pH4N3]	0	1	1	0.0	-0.0	
H6N6FS2	Y[pH4N3S]	0	1	1	0.0	-0.0	
H7N6FS4	Y[pH2N2]	0	1	1	0.0	-0.0	
H7N6S3	Y[pH5N5S2]	0	1	1	0.0	-0.0	
H6N5FS2	Y[pH2N4F]	0	1	1	0.0	-0.0	
H6N6FS2	Y[pH3N3FS]	0	1	1	0.0	-0.0	
H4N5F2S	Y[pH3N4S]	0	1	1	0.0	-0.0	
H5N4F4	Y[pH3N4F]	0	1	1	0.0	-0.0	
H5N5S2	Y[pH5N5S]	0	1	1	0.0	-0.0	
H7N6FS4	Y[pH3N5F]	0	1	1	0.0	-0.0	
H6N6FS2	Y[pHN2]	0	1	1	0.0	-0.0	
H4N3FS	Y[pH3N2F]	0	1	1	0.0	-0.0	
H4N5F2S	Y[pH4N3S]	0	1	1	0.0	-0.0	
H7N6FS4	Y[pHN2F]	0	1	1	0.0	-0.0	
H5N3F	Y[pH3N3]	0	1	1	0.0	-0.0	
H5N4	Y[pH5N4]	0	1	1	0.0	-0.0	
H5N5F	Y[pH2N4]	0	1	1	0.0	-0.0	
H4N6S	Y[pH3N5S]	0	1	1	0.0	-0.0	
H6N5S2	Y[pH3N5]	0	1	1	0.0	-0.0	
H5N4F3	Y[pH3N4F3]	0	1	1	0.0	-0.0	
H6N6F	Y[pH2N3]	0	1	1	0.0	-0.0	
H7N6FS4	Y[pH5N4FS2]	0	1	1	0.0	-0.0	
H6N5S3	Y[pH3N5]	0	1	1	0.0	-0.0	
H6N6F	Y[pH5N6F]	0	1	1	0.0	-0.0	
H5N4F3S	Y[pH5N4F2S]	0	1	1	0.0	-0.0	
H6N6FS	Y[pH5N4F]	0	1	1	0.0	-0.0	
H9N9F	Y[pH7N7F]	0	1	1	0.0	-0.0	
H6N6FS	Y[pN2]	0	1	1	0.0	-0.0	
H6N6S	Y[pH5N5S]	0	1	1	0.0	-0.0	
H6N5F3	Y[pH5N4F3]	0	1	1	0.0	-0.0	
H5N4F4	Y[pH4N3F]	0	1	1	0.0	-0.0	
H5N4FS	Y[pH3N3S]	0	2	2	0.0	2.26	
H5N5FS	Y[p]	0	2	2	0.0	2.26	
H6N5F2	Y[pH5N4F]	0	2	2	0.0	2.26	
H4N3F2	Y[pN2]	0	2	2	0.0	2.26	
H4N3F2	Y[pH3N2]	0	2	2	0.0	2.26	
H4N3F2	Y[pN]	0	2	2	0.0	2.26	
H4N5S	Y[pH3N5]	0	2	2	0.0	2.26	
H6N5FS	Y[pH3N2]	0	2	2	0.0	2.26	
H6N6F	Y[pH4N4F]	0	2	2	0.0	2.26	
H6N5FS	Y[pHN2F]	0	2	2	0.0	2.26	
H4N5S2	Y[pH2N4S]	0	2	2	0.0	2.26	
H5N4FS	Y[pH3N3FS]	0	2	2	0.0	2.26	
H4N5F2S	Y[pH4N4FS]	0	2	2	0.0	2.26	
H6N5S2	Y[pH5N5S]	0	2	2	0.0	2.26	
H7N6S2	Y[pH5N4S]	0	2	2	0.0	2.26	
H7N6S4	Y[pH4N4S]	0	2	2	0.0	2.26	
H6N5F3	Y[pH6N5F]	0	2	2	0.0	2.26	
H7N6S3	Y[pH4N4S]	0	2	2	0.0	2.26	
H7N6FS4	Y[pNF]	0	2	2	0.0	2.26	
H7N6FS4	Y[pH4N4S]	0	2	2	0.0	2.26	
H5N4	Y[pH3N4]	0	2	2	0.0	2.26	
H4N5F2S	Y[pH4N3F]	0	2	2	0.0	2.26	
H6N5S2	Y[pH4N5]	0	2	2	0.0	2.26	
H6N6FS2	Y[pH4N5F]	0	2	2	0.0	2.26	
H5N4F2	Y[pH3N3F2]	0	2	2	0.0	2.26	
H7N6FS3	Y[pH2N2]	0	2	2	0.0	2.26	
H6N7	Y[pH4N5]	0	2	2	0.0	2.26	
H4N5F2	Y[pH2N3F]	0	2	2	0.0	2.26	
H4N5S2	Y[pH3N4S]	0	2	2	0.0	2.26	
H5N4S	Y[pH5N4S]	0	2	2	0.0	2.26	
H6N4FS	Y[pH6N3FS]	0	2	2	0.0	2.26	
H9N2	Y[pH7N2]	0	2	2	0.0	2.26	
H4N4S	Y[pHN3]	0	2	2	0.0	2.26	
H6N5FS2	Y[pH5N4S2]	0	2	2	0.0	2.26	
H7N6	Y[pH6N5]	0	2	2	0.0	2.26	
H7N6S4	Y[pH2N2]	0	2	2	0.0	2.26	
H4N5F	Y[pH2N4]	0	2	2	0.0	2.26	
H7N6S3	Y[pH7N6S]	0	2	2	0.0	2.26	
H6N5	Y[pH2N3]	0	2	2	0.0	2.26	
H6N5FS2	Y[pH3N5F]	0	2	2	0.0	2.26	
H4N5F2S	Y[pH4N3FS]	0	2	2	0.0	2.26	
H4N5FS	Y[pN2F]	0	2	2	0.0	2.26	
H6N3S	Y[pH5N3S]	0	2	2	0.0	2.26	
H7N4S	Y[pH5N3]	0	2	2	0.0	2.26	
H6N5FS2	Y[pH5N4FS2]	0	2	2	0.0	2.26	
H7N6S	Y[pH5N5]	0	2	2	0.0	2.26	
H5N5F	Y[pH2N2]	0	2	2	0.0	2.26	
H6N5FS	Y[pN2]	0	2	2	0.0	2.26	
H6N4FS	Y[pH5N2]	0	2	2	0.0	2.26	
H7N5FS2	Y[pH3N3]	0	2	2	0.0	2.26	
H6N5F2	Y[pNF]	0	2	2	0.0	2.26	
H6N6FS2	Y[pNF]	0	2	2	0.0	2.26	
H7N6FS3	Y[pH3N3F]	0	2	2	0.0	2.26	
H7N6S3	Y[pH4N3]	0	2	2	0.0	2.26	
H6N6S	Y[pN2]	0	2	2	0.0	2.26	
H7N6S3	Y[pH7N6S2]	0	2	2	0.0	2.26	
H5N4FS	Y[pH5N4FS]	0	2	2	0.0	2.26	
H6N5FS3	Y[pH3N5]	0	2	2	0.0	2.26	
H6N5F	Y[pH3N4F]	0	2	2	0.0	2.26	
H4N6S	Y[pH4N5S]	0	2	2	0.0	2.26	
H6N4FS	Y[pH3N3FS]	0	2	2	0.0	2.26	
H8N7F	Y[pH4N4]	0	2	2	0.0	2.26	
H7N6FS2	Y[pH6N5F]	0	2	2	0.0	2.26	
H6N4FS	Y[pH2N4]	0	2	2	0.0	2.26	
H4N4F2S	Y[pH3N3S]	0	2	2	0.0	2.26	
H6N4F	Y[pH2N4F]	0	2	2	0.0	2.26	
H4N5F2S	Y[pH3N2F]	0	2	2	0.0	2.26	
H5N4F2S	Y[pHN2F]	0	2	2	0.0	2.26	
H7N5FS2	Y[pH4N3S]	0	2	2	0.0	2.26	
H7N6FS2	Y[pN]	0	2	2	0.0	2.26	
H6N4FS	Y[pH2N3F]	0	2	2	0.0	2.26	
H6N6S	Y[pH4N4]	0	2	2	0.0	2.26	
H7N6FS	Y[pH7N6F]	0	2	2	0.0	2.26	
H7N6S4	Y[pH6N6]	0	2	2	0.0	2.26	
H6N5F	Y[pH4N5F]	0	2	2	0.0	2.26	
H5N4F3S	Y[pH5N4F2]	0	2	2	0.0	2.26	
H4N5S	Y[pH4N4S]	0	2	2	0.0	2.26	
H6N6F	Y[pH5N5F]	0	2	2	0.0	2.26	
H5N5F2	Y[pH4N4F2]	0	2	2	0.0	2.26	
H7N6S2	Y[pH5N4]	0	2	2	0.0	2.26	
H7N6FS3	Y[pH4N4S]	0	2	2	0.0	2.26	
H7N6S2	Y[pH4N4S]	0	2	2	0.0	2.26	
H6N5FS2	Y[pH5N5F]	0	2	2	0.0	2.26	
H5N6F	Y[pH5N5F]	0	2	2	0.0	2.26	
H6N3	Y[pH2N3]	0	2	2	0.0	2.26	
H4N3	Y[pH3N3]	0	2	2	0.0	2.26	
H3N4F	Y[p]	0	2	2	0.0	2.26	
H6N6FS2	Y[pH4N6F]	0	2	2	0.0	2.26	
H7N5FS2	Y[pH4N3]	0	2	2	0.0	2.26	
H5N5FS	Y[pH4N3F]	0	2	2	0.0	2.26	
H6N5F3	Y[pH4N3F]	0	2	2	0.0	2.26	
H7N6S3	Y[pH3N3S]	0	2	2	0.0	2.26	
H6N6FS2	Y[pH6N6S]	0	2	2	0.0	2.26	
H6N5FS2	Y[pH2N2F]	0	2	2	0.0	2.26	
H8N2	Y[pH6N2]	0	2	2	0.0	2.26	
H4N4FS	Y[pH3N2]	0	2	2	0.0	2.26	
H4N2	Y[pH2N2]	0	2	2	0.0	2.26	
H7N6FS4	Y[pH7N6]	0	2	2	0.0	2.26	
H5N5FS2	Y[pH4N4S]	0	2	2	0.0	2.26	
H4N5FS	Y[pH3N5F]	0	2	2	0.0	2.26	
H5N5S2	Y[pH5N5]	0	2	2	0.0	2.26	
H5N4F2	Y[pH5N4F]	0	2	2	0.0	2.26	
H6N6S	Y[pH3N4]	0	2	2	0.0	2.26	
H6N6FS	Y[pH3N5]	0	2	2	0.0	2.26	
H4N4F2S	Y[pH2N3F2]	0	2	2	0.0	2.26	
H4N5F2S	Y[pH3N3F]	0	2	2	0.0	2.26	
H7N6FS2	Y[pNF]	0	2	2	0.0	2.26	
H6N5FS2	Y[pH4N3FS]	0	2	2	0.0	2.26	
H7N6FS2	Y[pH6N5FS]	0	2	2	0.0	2.26	
H7N6S3	Y[pH6N5S3]	0	2	2	0.0	2.26	
H5N3S	Y[pH4N3S]	0	2	2	0.0	2.26	
H3N3F	Y[pH3N2F]	0	2	2	0.0	2.26	
H6N5S3	Y[pH4N4S2]	0	2	2	0.0	2.26	
H6N5F2S	Y[pH4N4F]	0	2	2	0.0	2.26	
H8N7S	Y[pH8N6S]	0	2	2	0.0	2.26	
H5N4F2S	Y[pH4N4FS]	0	2	2	0.0	2.26	
H4N2	Y[p]	0	2	2	0.0	2.26	
H4N6S	Y[pH3N6]	0	2	2	0.0	2.26	
H6N5FS	Y[pH5N5F]	0	2	2	0.0	2.26	
H4N3F2	Y[pH4N3]	0	2	2	0.0	2.26	
H6N6FS2	Y[pH3N3F]	0	2	2	0.0	2.26	
H4N4S	Y[pH3N3S]	0	2	2	0.0	2.26	
H8N7S	Y[pH7N6S]	0	2	2	0.0	2.26	
H6N7	Y[pH5N6]	0	2	2	0.0	2.26	
H5N5FS	Y[pH4N5F]	0	2	2	0.0	2.26	
H6N5F	Y[pH3N5]	0	2	2	0.0	2.26	
H6N5FS2	Y[pH6N5S2]	0	2	2	0.0	2.26	
H7N6S3	Y[pH5N5]	0	2	2	0.0	2.26	
H4N2	Y[pN2]	0	2	2	0.0	2.26	
H6N4FS	Y[pH5N3]	0	2	2	0.0	2.26	
H4N5F2S	Y[pH4N4F]	0	2	2	0.0	2.26	
H5N4F2S	Y[pH3N4F2]	0	2	2	0.0	2.26	
H6N5S2	Y[pH5N5S2]	0	2	2	0.0	2.26	
H6N6S	Y[pH5N5]	0	2	2	0.0	2.26	
H6N4F	Y[pN]	0	2	2	0.0	2.26	
H7N6FS4	Y[pH3N3F]	0	2	2	0.0	2.26	
H4N5S	Y[pHN3]	0	2	2	0.0	2.26	
H5N4FS2	Y[pH4N4S]	0	2	2	0.0	2.26	
H6N5FS3	Y[pH3N4]	0	2	2	0.0	2.26	
H4N3F2	Y[pH2N2]	0	2	2	0.0	2.26	
H7N6FS	Y[pH5N4F]	0	2	2	0.0	2.26	
H4N3FS	Y[pH4N3F]	0	2	2	0.0	2.26	
H5N5FS	Y[pH4N3FS]	0	2	2	0.0	2.26	
H5N5FS2	Y[pN2]	2	8	10	20.0	2.29	
H6N3	Y[pH4N2]	2	8	10	20.0	2.29	
H6N5F	Y[pHN2]	2	8	10	20.0	2.29	
H6N2	Y[pH4N2]	2	8	10	20.0	2.29	
H4N3S	Y[pH4N3]	2	8	10	20.0	2.29	
H4N3S	Y[pHN2]	2	8	10	20.0	2.29	
H6N5FS	Y[pH3N3]	2	8	10	20.0	2.29	
H6N5FS3	Y[pH3N2F]	1	5	6	16.67	2.33	
H7N2	Y[pH6N2]	1	5	6	16.67	2.33	
H5N5S2	Y[pH4N4]	1	5	6	16.67	2.33	
H6N5F	Y[pN2]	1	5	6	16.67	2.33	
H6N5F	Y[pH4N4]	1	5	6	16.67	2.33	
H8N2	Y[pH2N2]	1	5	6	16.67	2.33	
H7N2	Y[p]	1	5	6	16.67	2.33	
H5N5S	Y[p]	1	5	6	16.67	2.33	
H7N6FS4	Y[pH6N5S3]	1	5	6	16.67	2.33	
H6N5FS2	Y[pN2]	1	5	6	16.67	2.33	
H4N4	Y[pH4N3]	1	5	6	16.67	2.33	
H5N5FS2	Y[pH4N4FS]	1	5	6	16.67	2.33	
H4N4F	Y[pH3N2F]	4	15	19	21.05	2.57	
H6N5S	Y[pH5N4]	4	15	19	21.05	2.57	
H6N2	Y[pN2]	4	15	19	21.05	2.57	
H6N2	Y[pH3N2]	3	12	15	20.0	2.68	
H6N5S2	Y[pH4N3]	6	22	28	21.43	2.73	
H5N4FS2	Y[pH4N4F]	2	9	11	18.18	2.82	
H6N5S2	Y[pH4N3S]	2	9	11	18.18	2.82	
H6N5FS	Y[pH2N2]	2	9	11	18.18	2.82	
H5N4FS	Y[pH3N2]	11	39	50	22.0	2.83	
H5N4FS2	Y[pH3N3]	16	56	72	22.22	2.89	
H4N5S	Y[pH3N4]	1	6	7	14.29	3.02	
H5N5S2	Y[pH2N3]	1	6	7	14.29	3.02	
H6N5FS2	Y[pH6N5S]	1	6	7	14.29	3.02	
H7N2	Y[pH2N2]	1	6	7	14.29	3.02	
H6N5S	Y[pHN2]	1	6	7	14.29	3.02	
H5N4FS2	Y[pH2N3]	1	6	7	14.29	3.02	
H5N5S2	Y[pN2]	1	6	7	14.29	3.02	
H4N3	Y[pHN2]	1	6	7	14.29	3.02	
H5N4FS2	Y[pN2]	9	33	42	21.43	3.03	
H6N5FS	Y[pN]	3	13	16	18.75	3.15	
H6N5F	Y[pH3N3F]	3	13	16	18.75	3.15	
H6N5S2	Y[pH3N2]	3	13	16	18.75	3.15	
H6N5FS3	Y[pH3N3S]	12	44	56	21.43	3.26	
H4N4F2	Y[pH3N2]	0	3	3	0.0	3.38	
H6N6FS	Y[pH2N3F]	0	3	3	0.0	3.38	
H4N3	Y[pH4N2]	0	3	3	0.0	3.38	
H6N5FS3	Y[pH2N3]	0	3	3	0.0	3.38	
H5N4FS	Y[pH4N4S]	0	3	3	0.0	3.38	
H5N5FS2	Y[pH4N3FS]	0	3	3	0.0	3.38	
H5N4F4	Y[p]	0	3	3	0.0	3.38	
H6N5F	Y[pH2N4F]	0	3	3	0.0	3.38	
H6N5FS2	Y[pH3N4S]	0	3	3	0.0	3.38	
H7N6FS3	Y[pH5N4FS]	0	3	3	0.0	3.38	
H3N3	Y[pN2]	0	3	3	0.0	3.38	
H7N6FS4	Y[pH5N4F]	0	3	3	0.0	3.38	
H5N5F	Y[pHN3]	0	3	3	0.0	3.38	
H5N4F3	Y[pH2N2F]	0	3	3	0.0	3.38	
H5N5	Y[pHN3]	0	3	3	0.0	3.38	
H4N4FS	Y[pH3N2F]	0	3	3	0.0	3.38	
H4N2	Y[pN]	0	3	3	0.0	3.38	
H6N5FS2	Y[p]	0	3	3	0.0	3.38	
H6N5FS3	Y[pH2N4]	0	3	3	0.0	3.38	
H4N4FS	Y[pH2N3F]	0	3	3	0.0	3.38	
H5N5F	Y[pH3N4]	0	3	3	0.0	3.38	
H6N5FS	Y[pH6N5]	0	3	3	0.0	3.38	
H4N6S	Y[pH2N5]	0	3	3	0.0	3.38	
H5N3F	Y[pN2F]	0	3	3	0.0	3.38	
H6N6F	Y[pH2N3F]	0	3	3	0.0	3.38	
H5N4F2S	Y[pH4N4F2]	0	3	3	0.0	3.38	
H4N4FS	Y[pN]	0	3	3	0.0	3.38	
H6N5F3	Y[pH5N4F]	0	3	3	0.0	3.38	
H6N5FS	Y[pH4N3F]	2	10	12	16.67	3.38	
H3N3	Y[pHN2]	0	3	3	0.0	3.38	
H7N6FS	Y[pH6N5FS]	0	3	3	0.0	3.38	
H8N7S	Y[pH6N5]	0	3	3	0.0	3.38	
H6N5F	Y[pN2F]	0	3	3	0.0	3.38	
H6N5F3	Y[pH3N3F]	0	3	3	0.0	3.38	
H4N5F2	Y[pH4N5F]	0	3	3	0.0	3.38	
H7N5FS2	Y[pH2N2]	0	3	3	0.0	3.38	
H7N6FS3	Y[pH5N4F]	0	3	3	0.0	3.38	
H4N5S2	Y[pH4N5S]	0	3	3	0.0	3.38	
H5N4F2S	Y[pH2N3F]	0	3	3	0.0	3.38	
H5N3F	Y[pH5N2F]	0	3	3	0.0	3.38	
H5N3	Y[pH4N3]	0	3	3	0.0	3.38	
H5N4F3	Y[pH4N3F2]	0	3	3	0.0	3.38	
H5N5S2	Y[pH4N4S]	0	3	3	0.0	3.38	
H6N6FS	Y[pH5N5FS]	0	3	3	0.0	3.38	
H5N5FS	Y[pH3N4]	0	3	3	0.0	3.38	
H5N4F	Y[pHN2F]	2	10	12	16.67	3.38	
H4N5	Y[pH4N4]	0	3	3	0.0	3.38	
H4N5S2	Y[pH3N4]	0	3	3	0.0	3.38	
H8N7S	Y[pH8N7]	0	3	3	0.0	3.38	
H9N2	Y[pH4N2]	0	3	3	0.0	3.38	
H6N4FS	Y[pH6N4F]	0	3	3	0.0	3.38	
H5N4F2S	Y[pH4N3FS]	0	3	3	0.0	3.38	
H5N4F2	Y[pH4N3F2]	2	10	12	16.67	3.38	
H6N5F2	Y[pH4N3F]	0	3	3	0.0	3.38	
H5N4F2S	Y[pH4N4F2S]	0	3	3	0.0	3.38	
H7N5FS2	Y[pN]	0	3	3	0.0	3.38	
H7N4S	Y[pH6N3]	0	3	3	0.0	3.38	
H4N5FS	Y[pH2N4F]	0	3	3	0.0	3.38	
H6N6FS2	Y[pN]	0	3	3	0.0	3.38	
H6N6F	Y[pH3N3F]	0	3	3	0.0	3.38	
H6N5F	Y[pH5N5F]	0	3	3	0.0	3.38	
H5N6F	Y[pH4N5F]	0	3	3	0.0	3.38	
H6N5F	Y[pH5N4]	2	10	12	16.67	3.38	
H6N6F	Y[pH3N4F]	0	3	3	0.0	3.38	
H6N5F	Y[pH3N2F]	0	3	3	0.0	3.38	
H4N4FS	Y[pH2N2]	0	3	3	0.0	3.38	
H6N6FS	Y[pH3N3F]	0	3	3	0.0	3.38	
H7N6FS3	Y[pH5N4S]	0	3	3	0.0	3.38	
H6N5F2	Y[pH3N3F]	0	3	3	0.0	3.38	
H4N2	Y[pHN2]	0	3	3	0.0	3.38	
H6N5S	Y[pN2]	0	3	3	0.0	3.38	
H9N2	Y[pH2N2]	0	3	3	0.0	3.38	
H4N5FS	Y[pH4N4FS]	0	3	3	0.0	3.38	
H4N5S2	Y[pH2N4]	0	3	3	0.0	3.38	
H6N4FS	Y[pH3N2F]	0	3	3	0.0	3.38	
H5N3	Y[pH5N2]	0	3	3	0.0	3.38	
H4N5F	Y[pHN3]	0	3	3	0.0	3.38	
H4N4FS	Y[pH4N3F]	0	3	3	0.0	3.38	
H6N5FS	Y[pH3N2F]	0	3	3	0.0	3.38	
H7N6FS3	Y[pH6N5F]	0	3	3	0.0	3.38	
H5N4F	Y[pHN2]	6	24	30	20.0	3.44	
H4N5F	Y[pHN3F]	1	7	8	12.5	3.74	
H6N5S3	Y[pH4N5]	1	7	8	12.5	3.74	
H8N2	Y[p]	1	7	8	12.5	3.74	
H4N5S	Y[pH4N5]	1	7	8	12.5	3.74	
H6N5FS	Y[pH4N4F]	1	7	8	12.5	3.74	
H5N4F	Y[pH4N3F]	6	25	31	19.35	3.82	
H4N4S	Y[pH3N3]	2	11	13	15.38	3.98	
H5N4FS2	Y[pH3N3S]	2	11	13	15.38	3.98	
H5N4	Y[pH2N3]	5	22	27	18.52	4.05	
H5N4F	Y[pH2N2]	8	33	41	19.51	4.16	
H6N5S2	Y[pH4N4]	4	19	23	17.39	4.34	
H6N5FS3	Y[pN2]	7	30	37	18.92	4.38	
H4N5S	Y[pH2N4]	0	4	4	0.0	4.51	
H8N2	Y[pN2]	1	8	9	11.11	4.51	
H7N6S2	Y[pN]	0	4	4	0.0	4.51	
H5N5F	Y[pH3N2]	0	4	4	0.0	4.51	
H6N5FS3	Y[pH3N4FS]	0	4	4	0.0	4.51	
H6N5FS3	Y[pH4N4S2]	0	4	4	0.0	4.51	
H7N6FS3	Y[pH6N5FS]	0	4	4	0.0	4.51	
H5N4FS2	Y[pN2F]	0	4	4	0.0	4.51	
H6N6FS2	Y[pHN3F]	0	4	4	0.0	4.51	
H4N4FS	Y[pNF]	0	4	4	0.0	4.51	
H7N6FS	Y[pH6N5F]	0	4	4	0.0	4.51	
H4N5F2	Y[pH3N4F2]	0	4	4	0.0	4.51	
H6N5FS3	Y[pH2N3F]	0	4	4	0.0	4.51	
H4N4FS	Y[pH2N2F]	0	4	4	0.0	4.51	
H5N5F	Y[pHN3F]	0	4	4	0.0	4.51	
H4N5S2	Y[pH4N5]	0	4	4	0.0	4.51	
H5N5FS	Y[pN2F]	0	4	4	0.0	4.51	
H6N5FS	Y[pH6N5F]	1	8	9	11.11	4.51	
H6N6FS2	Y[pH5N5FS]	0	4	4	0.0	4.51	
H6N5FS3	Y[pH3N5F]	0	4	4	0.0	4.51	
H6N6FS	Y[pH3N4F]	0	4	4	0.0	4.51	
H6N3	Y[pH5N3]	0	4	4	0.0	4.51	
H3N5	Y[pH2N4]	0	4	4	0.0	4.51	
H7N6FS4	Y[pH5N4FS]	0	4	4	0.0	4.51	
H7N6S2	Y[pH3N3]	0	4	4	0.0	4.51	
H4N4S	Y[pH3N4]	0	4	4	0.0	4.51	
H3N4	Y[pH3N3]	0	4	4	0.0	4.51	
H6N4FS	Y[pH5N3F]	0	4	4	0.0	4.51	
H3N5F	Y[pHN3F]	0	4	4	0.0	4.51	
H5N5S	Y[pHN3]	0	4	4	0.0	4.51	
H6N5F	Y[pH3N2]	1	8	9	11.11	4.51	
H7N2	Y[pH3N2]	1	8	9	11.11	4.51	
H6N5S3	Y[pH5N5]	1	8	9	11.11	4.51	
H7N4S	Y[pH7N4]	0	4	4	0.0	4.51	
H7N6S3	Y[pH4N4]	0	4	4	0.0	4.51	
H6N5FS3	Y[pH4N5]	1	8	9	11.11	4.51	
H4N4S	Y[pH2N3]	1	8	9	11.11	4.51	
H4N4FS	Y[pH3N3F]	0	4	4	0.0	4.51	
H7N6FS3	Y[pNF]	0	4	4	0.0	4.51	
H8N2	Y[pH5N2]	0	4	4	0.0	4.51	
H5N5FS	Y[pNF]	2	12	14	14.29	4.6	
H6N5F	Y[pH4N3F]	2	12	14	14.29	4.6	
H6N5FS	Y[pH5N4F]	2	12	14	14.29	4.6	
H6N5S3	Y[pHN2]	9	38	47	19.15	4.66	
H6N5	Y[pH3N3]	3	16	19	15.79	4.72	
H6N5S2	Y[pH5N4S]	5	24	29	17.24	4.95	
H5N2	Y[pH3N2]	2	13	15	13.33	5.25	
H4N3S	Y[pN]	2	13	15	13.33	5.25	
H6N5	Y[pH2N2]	2	13	15	13.33	5.25	
H5N5F	Y[pH2N3]	1	9	10	10.0	5.3	
H6N5FS3	Y[pH5N5]	1	9	10	10.0	5.3	
H7N2	Y[pHN2]	1	9	10	10.0	5.3	
H4N3S	Y[pH3N2]	1	9	10	10.0	5.3	
H4N3S	Y[pN2]	1	9	10	10.0	5.3	
H5N2	Y[pH4N2]	1	9	10	10.0	5.3	
H4N4S	Y[pH4N4]	1	9	10	10.0	5.3	
H5N5F	Y[pH2N3F]	1	9	10	10.0	5.3	
H7N6S3	Y[pH3N3]	1	9	10	10.0	5.3	
H5N5FS	Y[pH2N3F]	1	9	10	10.0	5.3	
H5N3S	Y[pH5N3]	1	9	10	10.0	5.3	
H6N5FS3	Y[pH6N5S]	4	21	25	16.0	5.35	
H5N4	Y[p]	7	33	40	17.5	5.61	
H4N4FS	Y[pH4N4F]	0	5	5	0.0	5.64	
H5N4FS2	Y[pH2N3F]	0	5	5	0.0	5.64	
H4N6S	Y[pH3N5]	0	5	5	0.0	5.64	
H7N6FS3	Y[pH6N5FS2]	0	5	5	0.0	5.64	
H5N5FS2	Y[pH3N4F]	0	5	5	0.0	5.64	
H6N5FS3	Y[pH2N4F]	0	5	5	0.0	5.64	
H4N4S	Y[pH4N3S]	0	5	5	0.0	5.64	
H6N6FS	Y[pH5N5F]	0	5	5	0.0	5.64	
H6N5F	Y[pH5N5]	0	5	5	0.0	5.64	
H5N5FS2	Y[pN2F]	0	5	5	0.0	5.64	
H6N5S3	Y[pH3N4S]	0	5	5	0.0	5.64	
H6N5FS3	Y[pH6N5S3]	0	5	5	0.0	5.64	
H4N5F2	Y[pH4N4F2]	0	5	5	0.0	5.64	
H6N5FS3	Y[pH5N5FS2]	0	5	5	0.0	5.64	
H5N4F4	Y[pH3N3F2]	0	5	5	0.0	5.64	
H7N6FS3	Y[pH5N4]	0	5	5	0.0	5.64	
H3N4	Y[pH2N3]	0	5	5	0.0	5.64	
H6N5FS3	Y[pH5N5S]	0	5	5	0.0	5.64	
H6N6FS	Y[pH4N4F]	0	5	5	0.0	5.64	
H3N5	Y[pH3N4]	0	5	5	0.0	5.64	
H6N5FS3	Y[pH4N4FS2]	0	5	5	0.0	5.64	
H8N7S	Y[pH7N6]	0	5	5	0.0	5.64	
H6N5S3	Y[pH3N4]	0	5	5	0.0	5.64	
H4N6S	Y[pH4N6]	0	5	5	0.0	5.64	
H5N4FS2	Y[pH5N4FS2]	0	5	5	0.0	5.64	
H6N2	Y[pH5N2]	0	5	5	0.0	5.64	
H6N5FS2	Y[pH4N4F]	0	5	5	0.0	5.64	
H5N4S	Y[pH3N3S]	3	18	21	14.29	5.88	
H4N4F	Y[pH4N3F]	2	14	16	12.5	5.93	
H5N5FS	Y[pH4N4F]	2	14	16	12.5	5.93	
H6N3S	Y[pN2]	2	14	16	12.5	5.93	
H6N5S	Y[pH2N2]	2	14	16	12.5	5.93	
H5N5FS	Y[pH3N4F]	1	10	11	9.09	6.11	
H6N5F	Y[pH4N3]	1	10	11	9.09	6.11	
H7N2	Y[pN2]	1	10	11	9.09	6.11	
H6N5	Y[pHN2]	1	10	11	9.09	6.11	
H7N6S3	Y[pN]	1	10	11	9.09	6.11	
H6N5S3	Y[pH5N4]	16	68	84	19.05	6.13	
H5N4FS	Y[pNF]	12	54	66	18.18	6.45	
H6N5S3	Y[pH4N4]	8	39	47	17.02	6.56	
H5N2	Y[p]	2	15	17	11.76	6.62	
H6N5S3	Y[pH4N3]	14	62	76	18.42	6.62	
H6N6FS2	Y[pH3N4F]	0	6	6	0.0	6.77	
H4N5FS	Y[pH4N5F]	0	6	6	0.0	6.77	
H7N6S3	Y[pH6N5S2]	0	6	6	0.0	6.77	
H8N2	Y[pH3N2]	0	6	6	0.0	6.77	
H7N6S3	Y[pH6N5]	0	6	6	0.0	6.77	
H7N6S3	Y[pH5N4S]	0	6	6	0.0	6.77	
H6N5FS	Y[pH2N2F]	0	6	6	0.0	6.77	
H4N5FS	Y[pH2N3F]	0	6	6	0.0	6.77	
H6N5S3	Y[pH5N5S2]	0	6	6	0.0	6.77	
H7N6FS4	Y[pH6N5FS2]	0	6	6	0.0	6.77	
H5N5FS2	Y[pH5N5FS]	0	6	6	0.0	6.77	
H6N6FS2	Y[pH4N4F]	0	6	6	0.0	6.77	
H5N4FS	Y[pH4N3S]	0	6	6	0.0	6.77	
H4N3S	Y[p]	0	6	6	0.0	6.77	
H6N5S2	Y[pH5N4S2]	0	6	6	0.0	6.77	
H4N5	Y[pHN3]	0	6	6	0.0	6.77	
H6N5S	Y[pH3N2]	0	6	6	0.0	6.77	
H6N5FS	Y[pNF]	0	6	6	0.0	6.77	
H6N6FS2	Y[pH5N5F]	0	6	6	0.0	6.77	
H5N5F	Y[pN2F]	0	6	6	0.0	6.77	
H6N5FS3	Y[pN2F]	0	6	6	0.0	6.77	
H7N6FS3	Y[pH3N3]	0	6	6	0.0	6.77	
H5N5FS2	Y[pH5N5F]	0	6	6	0.0	6.77	
H6N5FS3	Y[pHN2F]	0	6	6	0.0	6.77	
H5N4FS2	Y[pH4N4FS]	0	6	6	0.0	6.77	
H6N5FS2	Y[pH3N3F]	1	11	12	8.33	6.95	
H6N5F	Y[pH5N4F]	1	11	12	8.33	6.95	
H5N4FS	Y[pH4N3]	9	44	53	16.98	7.05	
H5N4S	Y[p]	3	20	23	13.04	7.12	
H5N4S2	Y[p]	8	41	49	16.33	7.46	
H5N4FS2	Y[pH4N3S]	5	29	34	14.71	7.52	
H5N2	Y[pN2]	3	21	24	12.5	7.77	
H6N5FS3	Y[pH3N3FS]	1	12	13	7.69	7.8	
H6N5S2	Y[pN2]	1	12	13	7.69	7.8	
H6N5F	Y[pH2N3]	0	7	7	0.0	7.9	
H7N2	Y[pH4N2]	0	7	7	0.0	7.9	
H6N5FS	Y[pH5N4FS]	0	7	7	0.0	7.9	
H6N5FS	Y[pH4N3]	0	7	7	0.0	7.9	
H7N6FS4	Y[pH6N5FS3]	0	7	7	0.0	7.9	
H5N4FS	Y[pN2F]	0	7	7	0.0	7.9	
H6N5FS3	Y[pH4N5F]	0	7	7	0.0	7.9	
H6N5S3	Y[pH2N3]	0	7	7	0.0	7.9	
H7N6S3	Y[pH6N5S]	0	7	7	0.0	7.9	
H5N5FS2	Y[pH3N4FS]	0	7	7	0.0	7.9	
H6N5FS2	Y[pNF]	0	7	7	0.0	7.9	
H7N2	Y[pH5N2]	0	7	7	0.0	7.9	
H5N4F3S	Y[pH5N4F3]	0	7	7	0.0	7.9	
H6N5	Y[pH3N2]	0	7	7	0.0	7.9	
H6N5FS2	Y[pH3N3S]	0	7	7	0.0	7.9	
H6N5FS3	Y[pH5N5FS]	0	7	7	0.0	7.9	
H6N5S	Y[pH3N3]	3	22	25	12.0	8.44	
H6N5FS3	Y[pH4N3FS]	1	13	14	7.14	8.67	
H6N5S2	Y[pH6N5S]	1	13	14	7.14	8.67	
H6N5FS2	Y[pH4N3F]	1	13	14	7.14	8.67	
H6N5	Y[pH4N3]	1	13	14	7.14	8.67	
H5N4F	Y[pH4N3]	4	27	31	12.9	8.83	
H6N2	Y[pHN2]	2	18	20	10.0	8.83	
H5N4S2	Y[pH4N4S]	2	18	20	10.0	8.83	
H5N4	Y[pH4N4]	0	8	8	0.0	9.03	
H6N5FS3	Y[pH5N5F]	0	8	8	0.0	9.03	
H6N5	Y[pH5N4]	0	8	8	0.0	9.03	
H5N4S	Y[pH4N4S]	0	8	8	0.0	9.03	
H7N6FS3	Y[pN]	0	8	8	0.0	9.03	
H6N5S3	Y[p]	0	8	8	0.0	9.03	
H6N3S	Y[pH5N3]	0	8	8	0.0	9.03	
H4N5S	Y[pH2N3]	0	8	8	0.0	9.03	
H6N5S	Y[pH6N5]	0	8	8	0.0	9.03	
H5N4FS	Y[pHN2F]	1	14	15	6.67	9.56	
H6N5S	Y[pH5N4S]	1	14	15	6.67	9.56	
H5N5FS2	Y[pNF]	0	9	9	0.0	10.15	
H6N5FS3	Y[pH6N5]	0	9	9	0.0	10.15	
H6N5S2	Y[pH3N3S]	0	9	9	0.0	10.15	
H6N5FS3	Y[p]	0	9	9	0.0	10.15	
H5N5FS	Y[pH2N3]	0	9	9	0.0	10.15	
H5N4F4	Y[pH5N4F2]	0	9	9	0.0	10.15	
H5N4S2	Y[pH5N4S2]	0	9	9	0.0	10.15	
H5N4S2	Y[pN]	99	388	487	20.33	10.2	
H5N2	Y[pH2N2]	2	20	22	9.09	10.37	
H5N4F2S	Y[pH4N3F2]	2	20	22	9.09	10.37	
H5N4	Y[pN2]	12	64	76	15.79	10.61	
H6N5S3	Y[pH5N4S]	15	77	92	16.3	10.96	
H6N3S	Y[pHN2]	0	10	10	0.0	11.28	
H5N5FS	Y[pH5N5F]	0	10	10	0.0	11.28	
H5N4F4	Y[pH4N3F2]	0	10	10	0.0	11.28	
H6N5F	Y[pH2N2F]	0	10	10	0.0	11.28	
H6N5S3	Y[pH5N5S]	0	10	10	0.0	11.28	
H6N5S	Y[pH4N3]	1	16	17	5.88	11.37	
H6N5S3	Y[pH4N3S]	5	36	41	12.2	11.69	
H5N5FS2	Y[pH2N3F]	0	11	11	0.0	12.41	
H6N5FS3	Y[pH4N4FS]	0	11	11	0.0	12.41	
H6N5FS3	Y[pH2N2F]	0	11	11	0.0	12.41	
H4N5FS	Y[pH3N4F]	0	11	11	0.0	12.41	
H6N3S	Y[pH6N3]	0	11	11	0.0	12.41	
H8N2	Y[pHN2]	0	11	11	0.0	12.41	
H5N5FS2	Y[pH3N3F]	0	11	11	0.0	12.41	
H5N4FS	Y[pH4N3F]	11	64	75	14.67	12.63	
H5N4FS	Y[pH3N2F]	7	47	54	12.96	12.88	
H6N5FS2	Y[pH5N4FS]	1	18	19	5.26	13.22	
H5N3S	Y[pH4N2]	0	12	12	0.0	13.54	
H6N5FS3	Y[pH6N5F]	0	12	12	0.0	13.54	
H6N5FS2	Y[pH6N5F]	0	12	12	0.0	13.54	
H6N5FS2	Y[pH6N5FS]	0	12	12	0.0	13.54	
H6N5S3	Y[pH4N4S]	2	24	26	7.69	13.62	
H5N4S2	Y[pH2N2]	67	287	354	18.93	13.93	
H6N5S3	Y[pN]	23	117	140	16.43	14.1	
H6N5FS3	Y[pH4N3F]	1	19	20	5.0	14.16	
H5N4S2	Y[pH3N4]	0	13	13	0.0	14.67	
H6N3S	Y[pH4N2]	0	13	13	0.0	14.67	
H5N4FS	Y[pH4N3FS]	1	20	21	4.76	15.11	
H6N5FS3	Y[pH6N5S2]	1	20	21	4.76	15.11	
H6N4FS	Y[pHN3F]	0	14	14	0.0	15.8	
H6N3S	Y[pH5N2]	0	14	14	0.0	15.8	
H5N4FS2	Y[pHN2F]	0	14	14	0.0	15.8	
H5N5FS2	Y[pH4N4F]	0	14	14	0.0	15.8	
H6N5S3	Y[pH3N3]	16	92	108	14.81	15.91	
H5N4	Y[pHN2]	11	71	82	13.41	16.35	
H6N5FS3	Y[pNF]	0	15	15	0.0	16.93	
H5N2	Y[pHN2]	1	22	23	4.35	17.02	
H5N4FS	Y[pH5N4F]	6	49	55	10.91	17.13	
H5N4S	Y[pH2N3]	3	34	37	8.11	17.39	
H5N4S2	Y[pH3N2]	58	265	323	17.96	17.46	
H5N4F	Y[pH3N2F]	2	29	31	6.45	17.9	
H6N5S3	Y[pH3N3S]	8	61	69	11.59	18.66	
H6N5S3	Y[pN2]	3	36	39	7.69	19.02	
H6N5FS3	Y[pH5N4S2]	3	36	39	7.69	19.02	
H6N4FS	Y[pH2N4F]	0	17	17	0.0	19.18	
H5N4S2	Y[pN2]	36	183	219	16.44	19.29	
H5N4FS2	Y[pNF]	9	68	77	11.69	20.07	
H5N4FS2	Y[pH3N3FS]	4	44	48	8.33	21.01	
H5N4F2S	Y[pH5N4F2]	0	19	19	0.0	21.44	
H6N5FS3	Y[pH4N4F]	0	19	19	0.0	21.44	
H5N4F	Y[pH2N2F]	2	33	35	5.71	21.46	
H5N4S2	Y[pH2N3]	4	45	49	8.16	21.81	
H5N4S2	Y[pH5N4]	37	194	231	16.02	22.04	
H5N4FS2	Y[pH2N2F]	6	56	62	9.68	22.04	
H5N4S	Y[pH4N4]	3	40	43	6.98	22.35	
H6N5FS2	Y[pH5N4F]	0	20	20	0.0	22.57	
H5N4	Y[pN]	21	128	149	14.09	22.99	
H5N4	Y[pH3N3]	10	79	89	11.24	24.01	
H5N4S2	Y[pH4N4]	7	64	71	9.86	24.07	
H5N4	Y[pH3N2]	11	85	96	11.46	24.73	
H6N5S3	Y[pH5N4S2]	3	43	46	6.52	24.92	
H5N4FS	Y[pH2N2F]	4	50	54	7.41	25.86	
H6N5S3	Y[pH6N5S2]	2	38	40	5.0	26.04	
H5N4FS2	Y[pH3N2F]	5	57	62	8.06	26.91	
H5N4S2	Y[pH3N3]	64	317	381	16.8	26.96	
H5N4S	Y[pN2]	15	108	123	12.2	27.07	
H6N5FS3	Y[pH3N3F]	0	24	24	0.0	27.09	
H5N4FS2	Y[pH5N4F]	4	52	56	7.14	27.52	
H6N5S3	Y[pH6N5]	0	25	25	0.0	28.22	
H6N5S3	Y[pH6N5S]	3	47	50	6.0	28.42	
H5N4S	Y[pN]	38	216	254	14.96	29.74	
H5N4S	Y[pH5N4]	15	114	129	11.63	30.73	
H5N4	Y[pH4N3]	7	74	81	8.64	31.47	
H5N4S	Y[pH3N2]	25	163	188	13.3	31.92	
H5N4S2	Y[pH4N3]	66	344	410	16.1	34.09	
H5N4	Y[pH2N2]	12	106	118	10.17	35.35	
H5N4S2	Y[pHN2]	32	202	234	13.68	35.76	
H5N4F2S	Y[pH3N3F2]	0	32	32	0.0	36.13	
H5N4FS2	Y[pH3N3F]	7	80	87	8.05	36.13	
H6N5FS3	Y[pH6N5FS]	0	36	36	0.0	40.65	
H5N4S2	Y[pH3N3S]	26	185	211	12.32	41.67	
H5N4FS2	Y[pH5N4FS]	2	55	57	3.51	42.38	
H5N4S	Y[pH2N2]	25	182	207	12.08	42.72	
H6N5FS3	Y[pH5N4F]	0	38	38	0.0	42.91	
H5N4S2	Y[pH4N3S]	36	235	271	13.28	43.58	
H6N5FS3	Y[pH6N5FS2]	0	39	39	0.0	44.04	
H5N4FS2	Y[pH4N3FS]	3	66	69	4.35	45.91	
H6N5FS3	Y[pH5N4FS2]	0	41	41	0.0	46.3	
H5N4S	Y[pH3N3]	22	175	197	11.17	47.45	
H5N4S	Y[pHN2]	12	124	136	8.82	48.32	
H6N5FS3	Y[pH5N4FS]	0	55	55	0.0	62.14	
H5N4FS2	Y[pH4N3F]	5	100	105	4.76	64.46	
H5N4S	Y[pH4N3]	18	187	205	8.78	70.46	
H5N4S2	Y[pH5N4S]	24	226	250	9.6	74.95	
H5N4S	Y[pH4N3S]	1	80	81	1.23	77.59	
